ID,feature_1,feature_2,feature_3,feature_4,feature_5,feature_6,feature_7,feature_8,feature_9,feature_10,feature_11,feature_12,feature_13,feature_14,feature_15,feature_16,feature_17,feature_18,feature_19,feature_20,feature_21,feature_22,feature_23,feature_24,feature_25,feature_26,feature_27,feature_28,feature_29,feature_30,feature_31,feature_32,feature_33,label
1,0.4344,0.3634,0.2290,0.4620,0.4700,0.0340,0.6280,0.2510,0.7390,0.2890,0.8260,0.6890,0.3200,0.3410,0.7110,0.5310,0.0230,0.9430,0.9370,0.3930,0.9560,0.7510,0.4260,0.1810,0.9920,59.0000,315.9970,360.3710,399.0380,453.8460,277.2970,95.6580,98.0180,NR
2,0.2518,0.5703,0.2140,0.2180,0.6860,0.5240,0.6710,0.5750,0.8280,0.3720,0.5990,0.5200,0.8180,0.1450,0.2360,0.3100,0.1530,0.0400,0.7280,0.8020,0.7440,0.3070,0.1440,0.0670,0.9910,71.0000,460.0170,366.4760,206.3730,393.1950,377.8020,75.0150,99.4390,R
3,0.8233,0.4104,0.3200,0.3210,0.1490,0.0630,0.6190,0.1110,0.5560,0.8690,0.8980,0.4350,0.0380,0.2430,0.8610,0.8820,0.7180,0.4120,0.9580,0.0610,0.7700,0.3610,0.7420,0.7010,0.7110,84.0000,357.5660,457.0050,353.5810,261.7650,330.5620,95.6210,92.7480,R
4,0.5374,0.7936,0.8530,0.9510,0.1980,0.4450,0.5270,0.8220,0.4510,0.1920,0.3750,0.8380,0.8580,0.7330,0.8050,0.0130,0.2330,0.6550,0.1210,0.2140,0.5580,0.9210,0.4300,0.6520,0.7880,88.0000,202.9390,237.6570,249.1450,443.5900,206.2870,108.9740,90.2440,NR
5,0.7994,0.4867,0.8820,0.8380,0.5940,0.9260,0.1280,0.6950,0.4150,0.7090,0.7700,0.9330,0.9490,0.5420,0.9150,0.4250,0.7230,0.5300,0.8630,0.1550,0.7590,0.8490,0.7210,0.1630,0.6430,67.0000,458.3420,432.1560,458.2660,416.3610,424.5340,106.8650,110.6300,R
6,0.3661,0.4336,0.5220,0.2080,0.6580,0.8110,0.3160,0.0890,0.7440,0.8360,0.4200,0.2400,0.8610,0.4050,0.4490,0.0760,0.5520,0.9360,0.0370,0.3210,0.6960,0.7260,0.1390,0.0220,0.2620,60.0000,379.3580,423.0660,266.6260,363.1460,495.3590,86.2750,120.2510,NR
7,0.8696,0.5214,0.7850,0.5530,0.4450,0.0910,0.0790,0.8650,0.3190,0.3040,0.0790,0.0080,0.1210,0.4070,0.5920,0.4240,0.1720,0.4270,0.5310,0.4010,0.8060,0.5750,0.5200,0.8120,0.6460,96.0000,319.2930,385.5590,309.5850,216.9440,317.8610,107.7570,96.4120,R
8,0.2956,0.6222,0.4750,0.8450,0.2080,0.0100,0.8230,0.2410,0.7940,0.5910,0.5710,0.1050,0.4920,0.1230,0.2440,0.4060,0.6640,0.1790,0.4530,0.0750,0.5160,0.3780,0.1400,0.0400,0.4800,73.0000,335.3360,245.2910,333.0390,371.0810,230.7230,110.8270,80.6070,NR
9,0.3807,0.2913,0.7530,0.0190,0.9870,0.9650,0.2670,0.8160,0.1230,0.6210,0.1270,0.3560,0.9290,0.5760,0.4120,0.0920,0.1840,0.8660,0.0680,0.6130,0.9860,0.0600,0.3650,0.4990,0.2420,75.0000,433.7940,462.9530,217.1750,381.4520,446.0860,83.1000,86.5750,R
10,0.4527,0.2863,0.3710,0.1200,0.9220,0.1410,0.9010,0.6800,0.6670,0.8730,0.7460,0.6100,0.0710,0.6690,0.5080,0.1980,0.2750,0.8760,0.3790,0.7070,0.4430,0.0210,0.1080,0.9830,0.6650,64.0000,444.1180,324.7470,482.2690,328.9720,410.9550,112.7130,102.4220,R
11,0.2083,0.3013,0.6800,0.2990,0.6100,0.9670,0.7850,0.3090,0.5860,0.2890,0.8490,0.9760,0.7570,0.9320,0.4630,0.8650,0.3000,0.3030,0.4040,0.9130,0.2220,0.7610,0.7860,0.0490,0.5460,84.0000,320.4800,237.5990,311.6580,358.4520,474.4990,103.6710,101.0060,NR
12,0.5353,0.5315,0.4910,0.1210,0.6940,0.3610,0.7860,0.5950,0.1070,0.0970,0.0390,0.9540,0.9300,0.2410,0.1860,0.4740,0.5820,0.5990,0.9760,0.4030,0.2610,0.4490,0.9280,0.2270,0.2280,75.0000,477.2270,435.9980,218.6300,409.5040,340.8650,116.1540,106.5500,NR
13,0.4385,0.3755,0.9480,0.2500,0.9980,0.3290,0.2880,0.9720,0.6750,0.1040,0.8560,0.1450,0.3150,0.4760,0.6190,0.6590,0.7640,0.2790,0.3600,0.8000,0.1310,0.9770,0.0060,0.9730,0.3100,79.0000,491.7920,445.7980,398.9450,383.0910,253.7400,119.4090,119.7830,R
14,0.5206,0.4744,0.1120,0.1320,0.5410,0.9470,0.0290,0.0990,0.2020,0.8150,0.2400,0.2720,0.4290,0.8570,0.2800,0.4720,0.4750,0.5000,0.4460,0.8050,0.2000,0.5040,0.1310,0.8710,0.4250,56.0000,277.6520,250.9850,424.7700,376.6660,487.0970,80.9160,102.9920,R
15,0.5926,0.2515,0.8160,0.5880,0.3520,0.4070,0.1050,0.6890,0.1850,0.2940,0.3410,0.7320,0.2330,0.9630,0.6930,0.8000,0.7950,0.3070,0.5890,0.8070,0.9090,0.3850,0.7350,0.1640,0.3860,88.0000,398.1890,381.4720,315.9060,311.0190,390.5150,64.6260,76.1620,R
16,0.7037,0.3232,0.0490,0.0420,0.7730,0.5300,0.3580,0.0790,0.8310,0.9240,0.9230,0.1880,0.9950,0.8670,0.7180,0.7520,0.1120,0.9330,0.6260,0.3540,0.6050,0.0640,0.2100,0.2360,0.0880,70.0000,277.3020,212.7340,314.0500,422.5860,340.0070,115.4900,95.3640,NR
17,0.2507,0.7668,0.2430,0.6250,0.9240,0.9670,0.6430,0.8230,0.5800,0.9730,0.6470,0.2300,0.3700,0.3660,0.0900,0.6570,0.3050,0.5400,0.1120,0.6000,0.0720,0.7550,0.6440,0.6740,0.2850,66.0000,313.2980,225.9810,468.4470,312.3170,203.7730,94.2220,105.2520,NR
18,0.4867,0.4419,0.2540,0.2280,0.2290,0.7340,0.8170,0.3790,0.0250,0.5490,0.3820,0.3430,0.5400,0.4710,0.0310,0.5580,0.7690,0.6270,0.6020,0.2410,0.7350,0.4430,0.1750,0.7010,0.8360,63.0000,329.6020,246.8910,280.0330,227.6350,386.7250,100.6740,85.6550,R
19,0.3846,0.3313,0.8490,0.4040,0.4860,0.8830,0.3980,0.5230,0.6730,0.6010,0.3840,0.4630,0.8490,0.5550,0.7990,0.4220,0.5600,0.9470,0.7580,0.6560,0.7460,0.9650,0.1700,0.5750,0.4110,68.0000,287.0980,395.7820,419.6960,232.9080,363.7100,99.2920,82.2410,NR
20,0.7034,0.4932,0.1020,0.8230,0.5590,0.9000,0.3880,0.4220,0.5230,0.6290,0.5170,0.2510,0.5570,0.9450,0.5580,0.4380,0.0720,0.9850,0.0210,0.0070,0.3340,0.9220,0.3450,0.9120,0.8680,85.0000,309.9700,359.8870,423.7510,476.9600,380.2050,81.3240,109.6360,R
21,0.4944,0.3542,0.3540,0.6410,0.5230,0.3960,0.7700,0.0530,0.8860,0.6790,0.4190,0.6920,0.9390,0.6550,0.6680,0.7020,0.9160,0.8890,0.2790,0.0220,0.2780,0.3640,0.2470,0.4570,0.9380,98.0000,337.6040,230.9810,461.8920,407.9990,238.0720,112.0180,123.0410,R
22,0.4226,0.3226,0.1120,0.0060,0.7180,0.8280,0.9040,0.8730,0.7830,0.0560,0.5950,0.3120,0.0260,0.4490,0.3550,0.9760,0.4260,0.4720,0.1930,0.3080,0.0230,0.0690,0.9010,0.0780,0.7820,99.0000,476.3830,458.6850,262.3590,426.7840,407.1930,95.0640,121.7820,NR
23,0.5279,0.2101,0.8150,0.3190,0.0580,0.2200,0.1250,0.4040,0.0310,0.7490,0.5680,0.7760,0.9140,0.8880,0.2940,0.1200,0.3710,0.8630,0.8780,0.6180,0.3540,0.5830,0.2450,0.1130,0.0230,99.0000,392.2590,229.4260,276.4980,249.1180,366.6370,109.1830,105.6000,R
24,0.6942,0.3513,0.2570,0.0670,0.2740,0.9310,0.9970,0.5890,0.4600,0.8570,0.6340,0.5100,0.1970,0.3590,0.0700,0.6510,0.6830,0.0880,0.2980,0.6210,0.3270,0.4870,0.2750,0.7140,0.6830,87.0000,455.1330,348.8180,299.9550,215.4100,354.7370,99.3600,118.3130,R
25,0.2007,0.4626,0.6310,0.2990,0.1790,0.0390,0.2080,0.1240,0.5610,0.0010,0.2740,0.8440,0.8320,0.2640,0.4580,0.1110,0.1140,0.0310,0.3440,0.7690,0.3580,0.7040,0.7300,0.9170,0.6530,78.0000,483.3230,451.3680,351.8410,463.2270,433.2020,67.6580,70.8910,R
26,0.5915,0.6896,0.0870,0.1810,0.1460,0.6860,0.7490,0.4480,0.7200,0.0750,0.4200,0.0260,0.7680,0.4260,0.7260,0.4300,0.1870,0.7580,0.9860,0.8960,0.7380,0.7150,0.0450,0.5150,0.0030,83.0000,311.6390,406.7280,288.0090,232.1050,455.4010,111.4690,116.9130,NR
27,0.6532,0.6987,0.4290,0.5960,0.0140,0.0460,0.1730,0.6970,0.9090,0.9120,0.9990,0.2500,0.8580,0.5100,0.4390,0.0020,0.3950,0.4700,0.7870,0.6150,0.9930,0.9720,0.0540,0.4520,0.6710,57.0000,293.4340,231.7900,286.9970,362.5440,251.1850,88.1130,105.7610,NR
28,0.7045,0.3948,0.2980,0.5510,0.1470,0.7530,0.4510,0.4070,0.5730,0.1580,0.8920,0.1150,0.5470,0.9650,0.1390,0.6990,0.9750,0.9960,0.3480,0.6260,0.9420,0.6250,0.8730,0.6980,0.0370,52.0000,320.6940,397.3520,357.4160,298.3600,214.8980,132.9730,95.9310,R
29,0.7717,0.4491,0.6710,0.7630,0.3250,0.8090,0.2970,0.1000,0.4170,0.3640,0.4090,0.7800,0.8000,0.1860,0.3700,0.5550,0.0500,0.3390,0.7590,0.5170,0.2770,0.1590,0.3340,0.5410,0.3290,55.0000,293.0600,290.0080,330.2480,435.7460,337.1870,109.2260,100.5490,R
30,0.8276,0.4257,0.9200,0.6520,0.2600,0.9940,0.5330,0.4460,0.0820,0.1250,0.4630,0.5230,0.8310,0.0860,0.5820,0.2470,0.8480,0.5310,0.8120,0.4370,0.5930,0.2130,0.1640,0.1910,0.4530,78.0000,384.3550,326.2340,293.3880,313.9570,354.5040,97.2400,119.6920,R
31,0.6384,0.2089,0.2560,0.8920,0.4690,0.6520,0.4160,0.2030,0.1840,0.9350,0.8960,0.1400,0.3770,0.8190,0.9400,0.0880,0.1970,0.5620,0.2190,0.3690,0.0430,0.1650,0.4320,0.1350,0.6590,89.0000,264.7630,486.1430,481.0310,461.4150,300.0100,95.9040,93.9200,R
32,0.6411,0.5600,0.1090,0.5080,0.4890,0.0730,0.6570,0.2880,0.8130,0.1170,0.1040,0.3610,0.8580,0.2570,0.3830,0.9330,0.0890,0.9860,0.6160,0.0360,0.4230,0.1600,0.3630,0.2430,0.5870,81.0000,327.3260,333.7740,263.7910,225.1500,286.7040,79.9480,54.5200,NR
33,0.7762,0.3707,0.2320,0.5680,0.3410,0.7810,0.0420,0.0350,0.4610,0.8990,0.8260,0.4480,0.8100,0.7810,0.3950,0.7990,0.1890,0.2340,0.3360,0.5580,0.7790,0.7200,0.7400,0.9750,0.5380,81.0000,343.3200,409.1160,372.3300,251.6330,376.4930,86.5110,57.5310,R
34,0.2198,0.4686,0.1700,0.3010,0.2750,0.0490,0.0790,0.4090,0.5250,0.8170,0.7260,0.4500,0.9410,0.4780,0.1570,0.7740,0.6260,0.1080,0.1280,0.1920,0.9790,0.3140,0.5050,0.2500,0.3280,97.0000,244.6620,273.0680,216.4620,454.4290,363.9950,30.8610,122.0530,R
35,0.6702,0.2555,0.6850,0.1900,0.8250,0.6180,0.6440,0.1380,0.9660,0.0330,0.0120,0.0450,0.5000,0.4660,0.9270,0.3320,0.2940,0.6510,0.4890,0.6790,0.6410,0.7040,0.6390,0.0060,0.3830,61.0000,228.0500,236.8650,275.5160,375.2760,202.6820,135.5720,105.0330,R
36,0.2209,0.5637,0.0580,0.2150,0.3920,0.2790,0.5900,0.0320,0.4380,0.1230,0.4870,0.8210,0.0060,0.7140,0.6660,0.2300,0.8190,0.5950,0.4330,0.0820,0.8670,0.4360,0.3980,0.8920,0.7500,52.0000,301.8130,298.6650,268.1610,360.1160,458.7810,97.8030,78.2340,R
37,0.2315,0.4512,0.8890,0.9810,0.5690,0.8740,0.3750,0.7840,0.4050,0.6080,0.8470,0.8600,0.1860,0.8230,0.9270,0.5320,0.1830,0.1510,0.6950,0.4460,0.4540,0.2260,0.2800,0.6730,0.0070,63.0000,402.1550,376.2920,395.3210,457.5530,293.4460,129.9020,77.2470,NR
38,0.7880,0.4154,0.4570,0.7830,0.3770,0.4100,0.7040,0.5170,0.5250,0.9340,0.3490,0.6220,0.1520,0.7730,0.3650,0.7200,0.6000,0.9090,0.1080,0.0900,0.9430,0.5080,0.7940,0.4720,0.0500,59.0000,364.7550,268.7900,460.1990,470.5900,431.1380,82.6210,121.2130,R
39,0.4552,0.3044,0.7520,0.6730,0.9140,0.6130,0.0800,0.9490,0.9180,0.4610,0.2010,0.0440,0.0780,0.4110,0.5320,0.9190,0.3130,0.7360,0.1970,0.8470,0.4640,0.4760,0.2380,0.0070,0.1110,76.0000,426.0120,336.8810,371.5350,288.9060,255.1030,89.2700,100.5880,NR
40,0.3186,0.4085,0.5780,0.2140,0.1260,0.2290,0.2130,0.6250,0.2710,0.8840,0.6400,0.3010,0.2710,0.0190,0.6330,0.2200,0.1870,0.1620,0.9240,0.0970,0.5620,0.8030,0.8000,0.9170,0.8930,51.0000,425.8730,268.2140,220.6210,415.4810,487.4920,92.6090,89.1870,R
41,0.7195,0.3149,0.7380,0.3720,0.9370,0.5540,0.1780,0.1010,0.0200,0.3500,0.4950,0.5270,0.1300,0.9150,0.6610,0.7290,0.6250,0.0550,0.1500,0.2470,0.4060,0.8130,0.1520,0.1100,0.5580,81.0000,230.5410,245.7720,207.4210,301.0820,395.0240,117.7230,94.6080,NR
42,0.3099,0.2884,0.6900,0.9870,0.2250,0.9380,0.3120,0.5190,0.2970,0.9650,0.6900,0.3220,0.8240,0.5910,0.5470,0.4420,0.4370,0.7750,0.2120,0.1430,0.6610,0.3270,0.2290,0.2070,0.0840,97.0000,275.5370,410.8360,223.5910,208.8970,233.5950,82.9750,103.3010,R
43,0.6150,0.3774,0.7660,0.8460,0.3980,0.2120,0.9400,0.9790,0.0290,0.0600,0.5540,0.2980,0.8040,0.5970,0.9640,0.3300,0.6130,0.1330,0.6190,0.8350,0.5070,0.9400,0.5690,0.9740,0.0260,97.0000,270.5210,345.2040,367.0130,427.1080,423.4240,105.4310,81.6000,R
44,0.4134,0.5375,0.8620,0.5670,0.3130,0.9240,0.7530,0.9630,0.5080,0.0730,0.5350,0.5590,0.3680,0.2550,0.2000,0.9800,0.5980,0.2450,0.2390,0.4500,0.0640,0.3370,0.8590,0.0060,0.3840,86.0000,327.7620,453.7860,205.4940,335.7750,381.2040,109.5020,130.9920,R
45,0.7890,0.4557,0.4580,0.5160,0.8570,0.5770,0.8120,0.3700,0.1880,0.2800,0.0250,0.3640,0.6360,0.8420,0.2350,0.7060,0.7520,0.6910,0.9630,0.5800,0.4440,0.5370,0.0050,0.0070,0.4940,89.0000,211.3970,460.4580,403.4530,392.6920,385.2640,96.9950,120.8600,R
46,0.2289,0.5992,0.3260,0.2100,0.9710,0.9190,0.0420,0.9200,0.7080,0.6910,0.7050,0.3530,0.8020,0.6960,0.2030,0.7270,0.6900,0.3640,0.7520,0.1930,0.4400,0.8840,0.6950,0.6990,0.5260,85.0000,365.1800,428.9630,282.5720,303.1480,238.6260,68.7270,91.7080,NR
47,0.2842,0.3772,0.1560,0.4670,0.1440,0.1880,0.9790,0.1160,0.1330,0.9290,0.0550,0.1430,0.3790,0.2870,0.4250,0.1220,0.4900,0.9880,0.4200,0.1490,0.3300,0.7860,0.7980,0.7900,0.2670,94.0000,376.1100,200.0900,236.0530,384.6570,300.5660,123.6050,86.1820,R
48,0.5366,0.5286,0.4710,0.6000,0.6110,0.7420,0.0870,0.1640,0.0350,0.4340,0.8180,0.3690,0.7550,0.1790,0.1710,0.1640,0.8510,0.8930,0.9330,0.0070,0.6850,0.0280,0.1930,0.3730,0.7680,86.0000,428.9830,380.3510,263.4910,403.1960,200.5820,89.6580,85.3710,NR
49,0.5650,0.3551,0.3920,0.2620,0.0670,0.7450,0.3290,0.4300,0.3020,0.3360,0.9540,0.6630,0.8780,0.4350,0.7960,0.8550,0.1640,0.9550,0.1090,0.5770,0.3940,0.7170,0.3050,0.6370,0.6970,62.0000,419.3430,457.2830,291.6870,480.7650,364.8930,140.8670,123.0700,R
50,0.3231,0.5993,0.1110,0.2910,0.9830,0.3410,0.4680,0.8570,0.5280,0.4070,0.6580,0.6140,0.0100,0.0830,0.5780,0.9540,0.0530,0.9990,0.6070,0.7490,0.1510,0.9990,0.9390,0.3900,0.6620,72.0000,367.1830,259.5850,497.9900,431.2620,316.6410,111.8220,94.0100,NR
51,0.3283,0.5363,0.8590,0.7880,0.4940,0.8900,0.6070,0.5300,0.7960,0.7900,0.6980,0.5310,0.7890,0.4750,0.3320,0.2080,0.0990,0.8520,0.2420,0.8350,0.6210,0.9790,0.4830,0.8310,0.6730,82.0000,238.3610,350.9010,307.6590,248.6910,422.0300,90.8880,84.2820,NR
52,0.6373,0.3601,0.0830,0.7730,0.0990,0.5270,0.4160,0.7390,0.0730,0.5960,0.7770,0.2540,0.1570,0.5250,0.8300,0.4610,0.9380,0.5220,0.5150,0.3880,0.0260,0.1260,0.3510,0.5330,0.5430,79.0000,283.0560,215.6540,417.0090,472.9450,383.8970,134.4310,127.4480,NR
53,0.2613,0.4344,0.2560,0.0120,0.9820,0.2790,0.5890,0.7180,0.3430,0.4870,0.0140,0.2310,0.7770,0.3730,0.2880,0.9080,0.7210,0.9760,0.1810,0.1090,0.4990,0.4620,0.7970,0.3330,0.9250,59.0000,220.4580,236.9090,406.6130,497.1250,344.6630,129.3580,121.8840,NR
54,0.2340,0.4445,0.4900,0.2100,0.6640,0.9550,0.4010,0.3440,0.1590,0.7680,0.9560,0.1170,0.8930,0.8550,0.6430,0.7340,0.8490,0.5960,0.6900,0.1210,0.9360,0.9720,0.5610,0.6080,0.3220,59.0000,436.4010,337.9490,474.6900,437.3610,245.0190,80.1320,90.7760,NR
55,0.3308,0.4540,0.8860,0.7210,0.0540,0.9810,0.8980,0.0330,0.9030,0.3530,0.0430,0.9880,0.9850,0.9970,0.3790,0.6990,0.4400,0.9180,0.3700,0.8980,0.5760,0.7500,0.2060,0.1330,0.8660,81.0000,495.7960,213.2480,260.4510,311.9500,465.6170,99.2870,93.6620,NR
56,0.2913,0.3949,0.7050,0.9060,0.1310,0.9820,0.7690,0.0670,0.0160,0.5330,0.4600,0.3160,0.2690,0.6800,0.3230,0.3810,0.6100,0.0590,0.5180,0.3180,0.6080,0.4380,0.6780,0.0730,0.8600,60.0000,380.3230,381.0300,416.4080,274.6910,395.0690,92.9950,86.1750,R
57,0.3629,0.7145,0.4220,0.5330,0.0760,0.9990,0.0210,0.1790,0.7600,0.3340,0.6170,0.1300,0.5690,0.1520,0.2410,0.6700,0.6150,0.4760,0.3630,0.1220,0.6190,0.7660,0.0540,0.7480,0.9940,82.0000,441.5180,475.0720,241.2040,438.5790,378.7500,116.6020,110.3600,NR
58,0.3140,0.3832,0.0750,0.0190,0.7600,0.4530,0.6230,0.7400,0.4190,0.3680,0.1690,0.7940,0.8330,0.7340,0.8750,0.6480,0.6960,0.1930,0.7680,0.3340,0.4380,0.3190,0.5680,0.6590,0.5760,52.0000,468.4310,428.6660,229.2880,330.4770,411.1330,106.2120,101.8470,R
59,0.8973,0.5618,0.8050,0.1770,0.9610,0.5730,0.0770,0.6970,0.4570,0.4350,0.3970,0.9690,0.5040,0.6650,0.9870,0.8940,0.2770,0.6740,0.5440,0.2010,0.8120,0.9380,0.5560,0.7280,0.8710,56.0000,200.5800,290.6900,288.7320,417.7980,295.8670,99.1440,118.7170,R
60,0.5510,0.3266,0.4270,0.1370,0.6100,0.4680,0.6930,0.2010,0.2420,0.4580,0.3990,0.3250,0.1390,0.4980,0.3720,0.3790,0.7950,0.0530,0.1910,0.9570,0.3470,0.0620,0.2300,0.0750,0.9760,78.0000,202.7650,303.6280,314.8210,384.2890,411.4930,83.7630,113.5780,R
61,0.2267,0.4418,0.3690,0.8740,0.6750,0.6330,0.9670,0.5260,0.5960,0.1770,0.9460,0.1580,0.5930,0.6360,0.6750,0.7790,0.1600,0.3470,0.4710,0.0540,0.9000,0.3700,0.9220,0.1980,0.6390,64.0000,269.1600,473.4430,228.0010,214.8610,218.3520,82.3810,93.7030,NR
62,0.6326,0.6571,0.3180,0.9850,0.8000,0.8040,0.3000,0.5280,0.8350,0.1810,0.3690,0.6200,0.2570,0.4950,0.2640,0.8450,0.3430,0.0010,0.2830,0.7790,0.3760,0.6740,0.4860,0.8370,0.0750,55.0000,342.1850,350.2880,371.2650,494.3620,288.8210,117.2220,121.7710,NR
63,0.3160,0.4330,0.5950,0.4520,0.0290,0.8020,0.3440,0.6280,0.8210,0.9310,0.5270,0.4480,0.0100,0.1130,0.7260,0.1830,0.5270,0.1660,0.7940,0.2100,0.7710,0.4450,0.7490,0.3590,0.9650,82.0000,349.9190,276.0130,386.0150,441.0010,258.1080,68.5730,72.5500,R
64,0.3024,0.3408,0.7630,0.9390,0.8370,0.6600,0.0680,0.2780,0.3550,0.3620,0.2530,0.9200,0.1760,0.6100,0.7420,0.7240,0.2070,0.6740,0.6850,0.6900,0.1360,0.4650,0.3720,0.0950,0.1090,50.0000,220.9690,425.6570,280.4510,229.8810,373.5210,104.9770,97.1470,NR
65,0.8914,0.4398,0.1150,0.9330,0.9290,0.9490,0.7800,0.6620,0.3880,0.8320,0.5810,0.5120,0.1350,0.1190,0.6740,0.1390,0.7020,0.4350,0.1280,0.5610,0.7910,0.9900,0.2480,0.3920,0.4840,79.0000,269.9140,224.0010,261.4000,350.0380,421.9920,92.9840,119.0250,R
66,0.6671,0.3779,0.5670,0.0710,0.6420,0.8480,0.7350,0.0240,0.3080,0.1560,0.7200,0.8910,0.6900,0.1080,0.5040,0.3560,0.7240,0.7300,0.7290,0.0900,0.7830,0.0270,0.2510,0.9240,0.2850,61.0000,357.3870,401.2120,286.1450,458.1740,210.4840,80.3080,119.9100,R
67,0.6963,0.4144,0.7550,0.2010,0.6760,0.1850,0.5900,0.5670,0.7080,0.6200,0.9860,0.0320,0.6730,0.1010,0.7480,0.8810,0.7400,0.0080,0.7340,0.6660,0.1650,0.0090,0.8570,0.5710,0.0010,60.0000,380.4960,462.7680,282.8380,396.4000,294.6500,59.4910,90.5400,NR
68,0.6403,0.5393,0.4410,0.8790,0.7870,0.2880,0.4020,0.9990,0.1600,0.8180,0.0840,0.9980,0.5670,0.2660,0.5190,0.7440,0.1730,0.4490,0.8120,0.1770,0.0840,0.9160,0.9870,0.7890,0.5850,93.0000,404.9770,261.9790,259.8170,483.6820,438.3770,97.2110,77.1420,R
69,0.3829,0.7682,0.7100,0.9100,0.0250,0.2050,0.2570,0.1400,0.9110,0.9930,0.2020,0.2880,0.8480,0.9510,0.1270,0.6570,0.0750,0.5870,0.9850,0.2080,0.7090,0.0880,0.1820,0.4060,0.7440,61.0000,251.8130,383.9850,257.0360,366.9730,422.5890,103.6630,98.9330,NR
70,0.7310,0.5777,0.9710,0.7610,0.9510,0.5200,0.3470,0.9540,0.2740,0.0860,0.5780,0.9000,0.4670,0.3950,0.6270,0.4090,0.5840,0.3260,0.1370,0.5900,0.7320,0.7320,0.5870,0.0780,0.7040,67.0000,211.5000,416.8280,211.9820,467.4590,281.0520,107.0320,125.7910,R
71,0.5532,0.6514,0.6310,0.9670,0.0500,0.7020,0.9430,0.1460,0.0730,0.6420,0.7030,0.8160,0.0920,0.5960,0.4090,0.8210,0.1780,0.0290,0.1870,0.5350,0.4410,0.8950,0.8060,0.8130,0.3750,80.0000,491.8910,393.7780,421.2880,324.6220,418.0840,100.9630,77.5130,NR
72,0.2639,0.4945,0.5370,0.7190,0.6040,0.0830,0.3550,0.6290,0.6270,0.4370,0.0840,0.5080,0.9460,0.6360,0.1790,0.1360,0.9080,0.5480,0.4660,0.2320,0.9480,0.1790,0.6400,0.6830,0.6450,93.0000,205.5720,327.8660,423.9060,243.1980,338.0110,71.5780,110.0200,NR
73,0.7558,0.6367,0.4090,0.3730,0.0530,0.9070,0.6960,0.4960,0.2240,0.7880,0.5380,0.3100,0.4570,0.4550,0.1610,0.1620,0.4200,0.3640,0.0530,0.4950,0.9530,0.5610,0.6290,0.6020,0.4500,94.0000,301.0390,268.2570,434.1010,461.0210,479.2390,96.9000,114.1020,NR
74,0.8997,0.3736,0.8290,0.5460,0.0180,0.7420,0.5020,0.7790,0.4950,0.3110,0.8390,0.1730,0.2780,0.4840,0.8600,0.1150,0.3390,0.5320,0.6780,0.1050,0.7550,0.5570,0.5170,0.3810,0.3150,68.0000,348.4760,285.1130,217.3690,431.2890,463.5530,79.7040,123.8850,R
75,0.6029,0.4374,0.9470,0.6590,0.7110,0.3690,0.7690,0.1370,0.8350,0.1380,0.5470,0.1470,0.1950,0.6200,0.3110,0.7280,0.1700,0.2160,0.1120,0.9790,0.3910,0.8040,0.8480,0.1920,0.8330,73.0000,383.7920,202.7070,203.2800,253.0960,497.9840,116.7160,88.6390,R
76,0.5472,0.4105,0.1750,0.2120,0.6670,0.7650,0.8230,0.3020,0.2090,0.0730,0.3760,0.5620,0.8730,0.0330,0.0900,0.6530,0.6710,0.1240,0.0960,0.0280,0.6490,0.2800,0.2410,0.6650,0.1210,66.0000,408.8300,386.3280,202.5820,254.2110,241.5460,63.6270,95.6210,R
77,0.5729,0.4007,0.7820,0.2090,0.1780,0.0210,0.5350,0.0610,0.6870,0.5090,0.5020,0.7010,0.1370,0.7890,0.6900,0.6790,0.9010,0.5050,0.9570,0.6140,0.2340,0.8680,0.8190,0.1330,0.5620,81.0000,263.3290,391.6750,307.1790,276.5400,330.8480,98.4360,137.9000,NR
78,0.7344,0.3301,0.0420,0.4640,0.8090,0.9040,0.7860,0.3480,0.6410,0.3690,0.4650,0.9510,0.5110,0.6690,0.4630,0.6310,0.5660,0.0300,0.2430,0.7120,0.5200,0.7940,0.1630,0.0530,0.6690,53.0000,306.1040,417.7390,252.2040,446.6000,365.5410,113.0460,113.1870,R
79,0.5734,0.5351,0.6590,0.5540,0.7820,0.8830,0.6640,0.9060,0.4550,0.5580,0.5500,0.5110,0.3610,0.6480,0.8590,0.5060,0.8060,0.3010,0.6970,0.3500,0.3950,0.9660,0.1070,0.7600,0.8280,86.0000,448.4920,358.6490,318.9010,224.6770,262.3890,83.4810,132.5620,NR
80,0.3916,0.5859,0.0620,0.7970,0.1300,0.3980,0.7620,0.6850,0.4080,0.7990,0.9930,0.4800,0.8850,0.5210,0.3880,0.9900,0.7720,0.1350,0.5410,0.3790,0.4960,0.7560,0.3370,0.6010,0.2380,66.0000,210.8900,212.2920,416.6030,423.3280,437.0720,54.5000,77.4450,R
81,0.5986,0.7227,0.9450,0.4500,0.0050,0.5220,0.5290,0.8950,0.6680,0.0360,0.0650,0.3620,0.9650,0.6890,0.8570,0.2680,0.5520,0.9450,0.5150,0.1690,0.7780,0.7280,0.6640,0.2250,0.7860,84.0000,276.4340,498.1900,420.2120,494.7570,497.7060,112.3570,96.7370,NR
82,0.3905,0.3212,0.7290,0.8590,0.5680,0.5070,0.5130,0.3000,0.3500,0.5530,0.2900,0.8770,0.6520,0.3770,0.2080,0.6620,0.9220,0.2010,0.2020,0.4820,0.7790,0.9980,0.4620,0.5660,0.8150,89.0000,262.7540,284.9240,346.3090,375.4310,240.6550,123.8170,121.1770,NR
83,0.5833,0.5853,0.4330,0.4290,0.3830,0.4370,0.2190,0.1200,0.9100,0.1030,0.3560,0.1560,0.2750,0.4890,0.4400,0.5160,0.4350,0.5860,0.0180,0.5370,0.1260,0.6840,0.0510,0.1260,0.2670,56.0000,448.9720,371.6740,469.5030,309.6840,489.5950,87.8320,68.6980,R
84,0.7055,0.5579,0.5080,0.3090,0.5160,0.0590,0.0980,0.2500,0.3350,0.4880,0.6780,0.0560,0.8380,0.1420,0.5370,0.3680,0.8200,0.8280,0.9620,0.6370,0.2880,0.8390,0.9280,0.2930,0.9920,63.0000,440.1030,270.4760,492.5570,415.7930,454.1420,80.8430,129.0040,NR
85,0.5488,0.4295,0.1340,0.9080,0.7020,0.4930,0.5530,0.9290,0.4010,0.9370,0.8870,0.6960,0.7470,0.5900,0.2170,0.7940,0.1520,0.6180,0.4530,0.5550,0.9570,0.4660,0.7180,0.0160,0.3470,78.0000,384.2600,348.0120,288.3240,311.7400,365.1100,103.6620,92.3920,R
86,0.6484,0.2718,0.0070,0.9610,0.6220,0.7350,0.0640,0.6940,0.1440,0.3250,0.1410,0.5820,0.4850,0.8710,0.5660,0.6510,0.2220,0.8740,0.4150,0.1520,0.3960,0.5560,0.9150,0.4920,0.1630,95.0000,473.1490,226.0010,287.8930,206.7030,230.1500,88.8310,167.0990,R
87,0.7180,0.5993,0.5550,0.6970,0.4840,0.1060,0.2820,0.5550,0.3230,0.7220,0.8070,0.8990,0.6350,0.2510,0.4800,0.8850,0.7160,0.4910,0.5680,0.2620,0.5270,0.9840,0.9470,0.4060,0.3540,65.0000,278.8720,257.5950,250.6740,227.8040,404.4620,87.0500,105.4380,R
88,0.5970,0.2843,0.2830,0.5290,0.5310,0.8590,0.4990,0.9750,0.0510,0.6070,0.4240,0.3040,0.4870,0.9970,0.3980,0.9400,0.5320,0.3920,0.0720,0.0890,0.8650,0.1330,0.2890,0.3700,0.0700,63.0000,302.5700,309.3090,358.1120,303.6940,353.3930,94.7830,139.5390,R
89,0.7714,0.7906,0.1340,0.3210,0.7500,0.6420,0.2940,0.0220,0.3510,0.9150,0.0280,0.5190,0.2720,0.1170,0.7800,0.4020,0.6230,0.7590,0.0820,0.7170,0.1360,0.9750,0.4670,0.8070,0.9120,88.0000,224.1820,490.8980,364.0350,347.6780,218.0790,104.1800,119.5170,NR
90,0.3626,0.6286,0.2230,0.6100,0.1730,0.3450,0.5540,0.3410,0.0380,0.0170,0.4630,0.5860,0.2520,0.9550,0.4300,0.3040,0.8700,0.7310,0.7640,0.3530,0.6620,0.1060,0.5150,0.5920,0.0890,89.0000,234.5920,374.1650,324.2680,348.3800,299.5680,106.0530,110.3680,NR
91,0.2368,0.2635,0.5620,0.6780,0.1520,0.6280,0.9840,0.5850,0.7520,0.2440,0.6160,0.7720,0.2530,0.5470,0.5150,0.5490,0.3040,0.3000,0.1850,0.2980,0.0780,0.5730,0.0910,0.7480,0.9610,64.0000,371.8590,409.8750,423.2480,422.8890,311.8190,93.3040,93.1620,R
92,0.5154,0.6060,0.2140,0.4560,0.6220,0.2920,0.0900,0.2220,0.5930,0.3270,0.1700,0.2690,0.4020,0.7340,0.7460,0.5460,0.7540,0.3040,0.3340,0.3170,0.4170,0.7440,0.1620,0.0250,0.4040,51.0000,449.2910,474.6550,438.9330,285.9220,436.7170,106.8130,102.0000,NR
93,0.6801,0.2757,0.4370,0.1880,0.9370,0.2510,0.3530,0.6480,0.7370,0.4510,0.1380,0.4100,0.8170,0.2800,0.4090,0.2730,0.3690,0.3360,0.4780,0.8290,0.8160,0.1730,0.2370,0.3440,0.6800,57.0000,236.6730,267.0170,405.8130,234.2460,289.0130,121.1310,106.5410,R
94,0.3293,0.5569,0.4020,0.4010,0.0490,0.9980,0.8420,0.7790,0.7020,0.3960,0.6680,0.8400,0.7190,0.8830,0.7780,0.7320,0.9110,0.7950,0.3320,0.5050,0.0940,0.4190,0.6400,0.2170,0.5770,73.0000,330.2930,364.3250,495.0810,479.0240,459.7770,123.8490,93.8570,R
95,0.3204,0.7772,0.7330,0.7790,0.7300,0.0880,0.0780,0.7570,0.9290,0.7420,0.1490,0.9330,0.7070,0.3090,0.6400,0.0030,0.2570,0.3110,0.0400,0.5400,0.0800,0.5220,0.0060,0.9740,0.3370,71.0000,442.8260,248.0280,220.7710,256.1450,404.0480,125.6660,89.2000,NR
96,0.7572,0.3294,0.0720,0.4010,0.3100,0.0220,0.4090,0.9200,0.8930,0.6190,0.0300,0.6070,0.5090,0.0810,0.4380,0.6350,0.8480,0.7740,0.4660,0.5460,0.2740,0.8120,0.1500,0.8420,0.8270,85.0000,292.0880,347.3600,489.4750,326.8500,456.2850,138.4090,100.7030,NR
97,0.7732,0.5827,0.3760,0.8700,0.6900,0.6870,0.6090,0.6250,0.7030,0.8720,0.2940,0.1650,0.3330,0.7840,0.8560,0.4070,0.5530,0.7980,0.7660,0.7750,0.5250,0.6600,0.1320,0.5250,0.0160,94.0000,255.7670,470.2650,248.3830,217.7600,229.1400,61.8250,114.6590,R
98,0.6720,0.3535,0.9610,0.2960,0.8870,0.7260,0.5840,0.3760,0.6460,0.8210,0.0300,0.6400,0.4130,0.7560,0.5280,0.9670,0.6220,0.6080,0.7590,0.9420,0.7200,0.9380,0.9610,0.2840,0.3070,86.0000,442.8500,477.0450,357.7030,297.4800,453.6050,115.2840,103.2720,R
99,0.2974,0.5364,0.3910,0.0750,0.0240,0.5390,0.8010,0.1700,0.3880,0.4250,0.6610,0.0730,0.0520,0.1750,0.5380,0.4300,0.9670,0.5230,0.8900,0.1860,0.0210,0.8490,0.4520,0.0990,0.5720,87.0000,387.2750,372.7770,357.2940,305.5820,488.2940,105.8810,107.9050,R
100,0.3269,0.2888,0.0410,0.6000,0.9850,0.1570,0.8830,0.6140,0.9400,0.9910,0.4690,0.9520,0.9230,0.7120,0.0050,0.8140,0.7050,0.8670,0.1970,0.4450,0.6140,0.9840,0.0320,0.4030,0.6850,66.0000,231.4370,243.4260,411.4200,213.2960,271.2840,75.2650,69.9070,R
101,0.5235,0.5239,0.3390,0.8640,0.9030,0.9910,0.8060,0.9990,0.2510,0.9320,0.7920,0.5160,0.8030,0.7970,0.1010,0.7620,0.2250,0.5200,0.8510,0.6830,0.9370,0.7330,0.4300,0.1370,0.0860,56.0000,210.5290,269.4420,433.8720,381.8730,401.0160,128.5420,111.8390,NR
102,0.4271,0.5068,0.9520,0.3080,0.7230,0.4940,0.4760,0.0420,0.2880,0.5810,0.1390,0.3920,0.3160,0.5230,0.1990,0.7020,0.3570,0.0550,0.9740,0.7640,0.7460,0.8340,0.1460,0.1420,0.0450,58.0000,312.3300,345.2490,443.8160,295.3210,293.8000,101.9970,104.9680,R
103,0.5413,0.4230,0.0650,0.3370,0.5030,0.7550,0.4290,0.4910,0.0170,0.1630,0.3600,0.4740,0.9710,0.3070,0.7360,0.0170,0.5500,0.8000,0.3360,0.2310,0.2270,0.4970,0.6010,0.9290,0.3110,69.0000,276.9970,390.1470,221.9350,493.1690,244.5280,107.9230,104.7980,R
104,0.8035,0.3491,0.8990,0.8560,0.0920,0.0740,0.0890,0.0830,0.2570,0.9930,0.1190,0.7350,0.7740,0.5370,0.6110,0.9390,0.2040,0.0510,0.5820,0.5630,0.2910,0.8400,0.5380,0.7400,0.7730,57.0000,252.0090,225.5330,467.1920,209.9810,458.4820,113.3480,106.9010,R
105,0.5421,0.5692,0.0140,0.0800,0.9460,0.8170,0.7950,0.8450,0.4300,0.3550,0.7210,0.6420,0.9630,0.0730,0.2090,0.3800,0.2170,0.8250,0.5770,0.3020,0.1190,0.9540,0.8230,0.0680,0.3000,80.0000,459.0060,309.5020,316.4600,394.9730,400.5360,95.4160,100.5690,R
106,0.4958,0.4529,0.4200,0.9770,0.1350,0.0030,0.8440,0.1380,0.3830,0.3360,0.1220,0.1070,0.8730,0.5410,0.9730,0.0800,0.1830,0.1420,0.4460,0.7630,0.4990,0.4020,0.0330,0.4510,0.6320,91.0000,308.2420,492.3820,286.7560,265.6080,300.7820,123.6000,92.5110,NR
107,0.4910,0.2363,0.7870,0.9650,0.6860,0.2460,0.2220,0.5310,0.4110,0.1090,0.2530,0.0480,0.3430,0.5490,0.6970,0.0460,0.5140,0.6550,0.2080,0.9010,0.9110,0.7050,0.8800,0.2230,0.4620,80.0000,476.4010,417.0130,429.8870,281.9690,295.5420,114.1300,123.7560,R
108,0.5268,0.2326,0.9850,0.6720,0.5360,0.1330,0.0280,0.7530,0.6880,0.7830,0.4320,0.4030,0.6560,0.0500,0.1690,0.5370,0.6750,0.8420,0.3900,0.3200,0.2240,0.4790,0.9920,0.5690,0.8470,70.0000,472.4420,281.7790,205.2680,209.8270,296.9550,106.7730,94.7140,R
109,0.7995,0.5548,0.0320,0.5660,0.2560,0.5730,0.8250,0.5580,0.3380,0.6540,0.5400,0.7000,0.1930,0.2430,0.6360,0.3010,0.1410,0.9220,0.6080,0.1880,0.6940,0.2790,0.0320,0.0270,0.9760,79.0000,214.1280,333.8830,448.4170,414.4900,488.9150,121.0080,51.9530,NR
110,0.6708,0.3306,0.4530,0.0600,0.1610,0.3060,0.2270,0.2130,0.3330,0.3000,0.6990,0.3200,0.8640,0.4150,0.2230,0.6730,0.9800,0.8600,0.0440,0.2390,0.4110,0.8900,0.0150,0.7200,0.1990,65.0000,497.2690,427.5110,271.8740,378.1430,228.4660,122.9230,99.5420,NR
111,0.6431,0.4579,0.5440,0.7240,0.5930,0.4720,0.0060,0.5730,0.5170,0.8470,0.5550,0.3740,0.6210,0.8870,0.2280,0.9170,0.5160,0.2280,0.6860,0.2790,0.2200,0.4940,0.4910,0.0330,0.4340,84.0000,281.2300,219.2600,461.3760,360.6870,331.0920,126.9610,93.8930,NR
112,0.7120,0.5139,0.0020,0.9080,0.0300,0.0680,0.6400,0.1410,0.7590,0.9870,0.7260,0.1350,0.2790,0.7880,0.6060,0.4890,0.2750,0.1660,0.3290,0.3700,0.3020,0.7840,0.1980,0.2650,0.5140,60.0000,224.1900,384.2670,271.3450,311.3820,337.2010,89.9050,120.8670,R
113,0.3548,0.4987,0.5650,0.9810,0.8670,0.4190,0.6290,0.9140,0.8630,0.6040,0.8250,0.6600,0.8500,0.8410,0.0760,0.7450,0.3170,0.7560,0.0500,0.4560,0.1840,0.2870,0.9100,0.1090,0.1540,77.0000,427.5910,248.2490,381.5150,367.0480,476.8670,111.1680,84.8550,NR
114,0.3563,0.5658,0.4860,0.9560,0.9110,0.0730,0.2730,0.1880,0.8990,0.9420,0.1850,0.1860,0.0910,0.6740,0.3930,0.1590,0.6710,0.4540,0.3960,0.3600,0.0490,0.8730,0.9850,0.3760,0.2210,84.0000,451.8290,341.0840,255.7170,473.6490,421.6310,77.8330,74.2830,NR
115,0.3811,0.4530,0.2300,0.0650,0.7880,0.4360,0.5830,0.4070,0.8720,0.6240,0.8200,0.3390,0.7870,0.1170,0.9550,0.0700,0.5910,0.2490,0.2980,0.5120,0.0400,0.3460,0.2570,0.7880,0.8250,58.0000,270.9150,237.5710,397.2010,423.3560,425.9670,94.6140,73.5320,R
116,0.5593,0.4386,0.1750,0.5020,0.2570,0.0120,0.9780,0.9340,0.9510,0.5440,0.0060,0.4180,0.5760,0.0180,0.4680,0.8220,0.7000,0.4290,0.4000,0.4710,0.4380,0.1820,0.3300,0.3200,0.9800,95.0000,407.2870,475.5350,450.4010,295.8980,438.6850,127.5260,87.5690,R
117,0.7257,0.2712,0.9550,0.2980,0.6830,0.7250,0.4950,0.4240,0.7470,0.3190,0.9760,0.9570,0.9730,0.6980,0.3550,0.8490,0.8150,0.5380,0.2110,0.4640,0.2090,0.6500,0.0140,0.5710,0.6020,63.0000,364.6850,306.9750,474.9310,441.7630,218.8350,125.0110,105.4970,R
118,0.4047,0.3795,0.3810,0.4270,0.7220,0.2620,0.9340,0.3680,0.2650,0.9860,0.6150,0.4140,0.7930,0.8460,0.2860,0.4300,0.9040,0.1110,0.7430,0.3270,0.4940,0.5950,0.3330,0.9580,0.8250,85.0000,269.4170,282.4600,346.9270,409.0800,229.0830,84.0710,111.7020,R
119,0.3368,0.2092,0.1000,0.6720,0.8980,0.0000,0.3380,0.1010,0.4320,0.3730,0.9840,0.1710,0.7860,0.9180,0.3350,0.3270,0.8050,0.8620,0.2870,0.0900,0.1350,0.7370,0.4570,0.1170,1.0000,87.0000,361.5950,233.4170,457.2280,360.1600,279.4890,101.3170,92.7790,R
120,0.2286,0.5124,0.3230,0.1800,0.1040,0.4420,0.7790,0.9520,0.3290,0.7810,0.1520,0.3080,0.5930,0.2140,0.6810,0.1170,0.5760,0.4980,0.6250,0.5440,0.5110,0.3320,0.1090,0.1740,0.2840,73.0000,239.6810,386.8240,331.6590,288.2720,315.8950,87.3490,107.4740,NR
121,0.6073,0.4399,0.3300,0.0890,0.5720,0.9960,0.1240,0.7200,0.5280,0.3280,0.3330,0.9860,0.1080,0.5890,0.5370,0.9440,0.2030,0.0300,0.8860,0.3250,0.4090,0.1200,0.2260,0.2260,0.6820,99.0000,276.8730,217.3810,360.3030,309.1900,462.9700,86.0090,77.0780,R
122,0.3429,0.2371,0.6750,0.8130,0.3820,0.5490,0.2130,0.4430,0.2750,0.1270,0.8100,0.6250,0.6350,0.9000,0.8100,0.4090,0.2840,0.5290,0.8760,0.9580,0.9630,0.4080,0.5700,0.1210,0.4440,78.0000,406.6160,307.6350,276.6740,249.8510,435.2450,118.7030,103.0360,R
123,0.5677,0.3936,0.9080,0.2640,0.0060,0.3260,0.2480,0.1620,0.5340,0.7890,0.4970,0.8580,0.5620,0.7900,0.4990,0.4510,0.9970,0.3570,0.8000,0.1290,0.2340,0.0510,0.6840,0.0050,0.0020,52.0000,468.3700,290.7550,316.9290,405.3490,460.4240,112.8150,104.8550,NR
124,0.6542,0.3777,0.9380,0.2190,0.8710,0.5700,0.4180,0.7020,0.5200,0.7480,0.0210,0.7440,0.2020,0.6950,0.8040,0.9300,0.1410,0.6600,0.2400,0.6570,0.0320,0.6160,0.7810,0.8740,0.1240,66.0000,215.7290,457.6200,356.9600,262.1790,291.9580,120.3750,103.2060,R
125,0.5704,0.2813,0.3580,0.0460,0.5540,0.7360,0.6480,0.0530,0.2330,0.7060,0.0550,0.8460,0.9890,0.2480,0.0540,0.9800,0.7670,0.4540,0.4780,0.9160,0.3560,0.0530,0.6140,0.3130,0.6820,99.0000,379.9490,304.1580,492.6680,236.1660,396.5510,90.1900,88.8780,R
126,0.4349,0.3788,0.5390,0.6370,0.1770,0.2880,0.3330,0.6640,0.9360,0.0060,0.6930,0.5990,0.9170,0.4520,0.7990,0.5160,0.0980,0.6640,0.6890,0.9410,0.1760,0.0970,0.9620,0.2960,0.3420,80.0000,308.3570,354.2390,280.4950,375.3920,285.9350,104.7440,104.9460,R
127,0.4252,0.4898,0.2010,0.4390,0.5690,0.6790,0.5260,0.0900,0.0320,0.0810,0.1290,0.5920,0.5050,0.9330,0.4030,0.0990,0.8520,0.5830,0.9980,0.0820,0.4040,0.6860,0.8570,0.9140,0.2000,98.0000,493.5060,394.1020,370.3050,392.8890,254.0480,91.6290,102.1910,NR
128,0.4020,0.5847,0.6320,0.5430,0.9830,0.2330,0.8580,0.8990,0.4810,0.1970,0.1210,0.9120,0.2270,0.7080,0.7150,0.5140,0.1700,0.2440,0.0420,0.0600,0.8830,0.9150,0.4670,0.4010,0.8420,78.0000,473.5530,286.9690,399.4050,317.1050,362.7220,95.3950,131.9140,NR
129,0.4269,0.4365,0.3950,0.3210,0.4960,0.4170,0.2430,0.9760,0.1750,0.6780,0.5800,0.1920,0.6670,0.4470,0.4020,0.5690,0.7950,0.8060,0.4040,0.9430,0.5010,0.2280,0.7090,0.4200,0.8120,87.0000,454.4970,411.5900,207.8910,346.2750,396.9640,118.6590,100.8270,R
130,0.2845,0.7516,0.1340,0.0200,0.1830,0.0050,0.2550,0.8150,0.6490,0.7930,0.2420,0.5620,0.8970,0.9090,0.5230,0.5230,0.3590,0.9010,0.6290,0.4670,0.8780,0.1520,0.9840,0.0510,0.0680,53.0000,246.2840,347.9650,207.1690,256.7400,378.1710,113.7830,80.9030,NR
131,0.3657,0.4818,0.8050,0.0240,0.3220,0.3070,0.6630,0.8750,0.4800,0.8440,0.4220,0.5020,0.3210,0.1960,0.8910,0.6020,0.2680,0.5390,0.4050,0.0370,0.6970,0.8680,0.6090,0.1480,0.4190,81.0000,445.0840,409.1580,492.1240,245.2710,402.6380,84.5330,96.0880,R
132,0.3863,0.6330,0.6680,0.6160,0.8640,0.7860,0.0280,0.7010,0.4300,0.3570,0.0330,0.5530,0.7060,0.9760,0.5760,0.9980,0.1910,0.1030,0.4820,0.1640,0.6320,0.6530,0.5160,0.3200,0.7520,93.0000,429.6790,323.4530,423.9620,485.4460,385.6900,117.0780,78.7730,NR
133,0.6170,0.6550,0.9670,0.3480,0.3900,0.6160,0.9280,0.8250,0.0710,0.8560,0.6170,0.6040,0.6500,0.0600,0.3010,0.7100,0.3940,0.6140,0.5610,0.9600,0.2680,0.2330,0.0630,0.1040,0.0300,65.0000,327.9230,400.4980,390.8690,348.4510,467.9000,91.4900,117.7450,NR
134,0.5834,0.6500,0.4180,0.1250,0.9510,0.8910,0.3590,0.6860,0.1960,0.4360,0.3820,0.9270,0.6480,0.5920,0.4700,0.4650,0.5130,0.0700,0.6940,0.1780,0.2120,0.4720,0.1270,0.4610,0.0410,75.0000,323.3720,286.8510,251.4400,310.2960,217.9880,89.6220,118.9410,NR
135,0.3056,0.5585,0.0160,0.9060,0.0270,0.9120,0.8440,0.2210,0.7530,0.0490,0.9670,0.0440,0.8350,0.6800,0.5810,0.7910,0.4910,0.1570,0.4210,0.3160,0.0380,0.5970,0.8690,0.0720,0.9010,96.0000,346.6670,210.8290,314.8470,291.3010,231.8320,91.7530,109.6790,NR
136,0.6804,0.5728,0.3850,0.6270,0.5770,0.3160,0.5300,0.1170,0.6470,0.2810,0.3950,0.6790,0.4850,0.3310,0.7360,0.5860,0.3420,0.7890,0.2470,0.6320,0.8610,0.7710,0.6560,0.7260,0.8160,74.0000,235.3610,498.7560,451.0940,384.5610,423.2430,70.2420,67.5760,NR
137,0.7161,0.5460,0.0560,0.1330,0.7980,0.0280,0.1540,0.6170,0.7580,0.3420,0.5270,0.2600,0.5450,0.4020,0.0800,0.1160,0.0710,0.5140,0.6590,0.0060,0.0140,0.7740,0.9640,0.7620,0.2710,57.0000,391.9390,363.8140,222.2510,245.5110,433.2340,103.4860,61.2950,NR
138,0.6114,0.4016,0.7840,0.6130,0.8310,0.5300,0.7080,0.1870,0.1880,0.0840,0.8700,0.5100,0.1300,0.9030,0.4860,0.1710,0.0650,0.0820,0.5590,0.3700,0.8390,0.7760,0.5540,0.3610,0.7530,56.0000,406.1880,396.1090,483.8440,491.6160,371.3930,109.7670,95.4210,R
139,0.7973,0.5794,0.8450,0.3020,0.4380,0.0910,0.3010,0.0860,0.3440,0.7090,0.9740,0.6250,0.2690,0.6570,0.6270,0.8260,0.5340,0.9110,0.4160,0.2860,0.5190,0.9220,0.7240,0.4940,0.4970,85.0000,440.0740,383.8240,459.7940,334.3780,487.3630,87.4700,157.7400,R
140,0.7130,0.4039,0.0010,0.8410,0.6800,0.5990,0.8800,0.8060,0.2010,0.4940,0.4950,0.1980,0.3740,0.1760,0.9550,0.0890,0.5140,0.7460,0.8500,0.2440,0.0620,0.6550,0.6270,0.2580,0.8500,97.0000,235.8330,242.1380,427.7320,267.9720,241.7780,84.2360,83.2050,NR
141,0.5178,0.2423,0.2590,0.3190,0.5640,0.1440,0.1220,0.5380,0.9880,0.7560,0.3950,0.2410,0.8110,0.8880,0.5890,0.5380,0.2360,0.9080,0.2600,0.4580,0.6390,0.9200,0.2110,0.8940,0.8110,97.0000,410.8820,244.6480,456.4300,498.2160,488.4010,103.3750,85.3710,R
142,0.4489,0.3237,0.9760,0.3110,0.1690,0.6360,0.0240,0.6000,0.4290,0.9510,0.2920,0.4850,0.0210,0.4350,0.6380,0.1750,0.3410,0.7380,0.4190,0.2470,0.1480,0.0180,0.7730,0.4600,0.2890,79.0000,314.6560,429.7820,455.9210,384.7020,492.4750,83.6010,73.5330,R
143,0.2839,0.7361,0.7920,0.2110,0.2320,0.6690,0.0700,0.6880,0.7810,0.6720,0.9870,0.8210,0.0950,0.5110,0.3540,0.0150,0.7300,0.3260,0.0580,0.7890,0.0540,0.1740,0.7220,0.8280,0.2800,83.0000,307.0710,369.0350,496.1510,440.7840,216.2310,99.6090,75.6940,NR
144,0.8189,0.2207,0.1720,0.6760,0.6980,0.1600,0.9410,0.3940,0.3460,0.6780,0.9200,0.8380,0.5620,0.0540,0.4860,0.6210,0.8370,0.2020,0.4660,0.6410,0.6880,0.0460,0.8760,0.1140,0.8540,87.0000,356.8090,363.9360,312.7920,259.9180,371.0650,106.8250,112.8280,R
145,0.3092,0.6895,0.9810,0.7160,0.3250,0.7540,0.6700,0.6720,0.0920,0.8820,0.3100,0.2860,0.4660,0.0680,0.1260,0.5930,0.3550,0.0540,0.1710,0.6950,0.7650,0.9360,0.9070,0.7270,0.2840,87.0000,473.4170,210.3070,438.5470,449.0360,445.3550,67.3010,84.6890,NR
146,0.7999,0.4903,0.8660,0.1890,0.4090,0.4060,0.7750,0.8290,0.9250,0.9700,0.5760,0.5040,0.5840,0.8240,0.2900,0.1410,0.8810,0.8250,0.0830,0.4960,0.6730,0.3220,0.2460,0.5080,0.2900,93.0000,362.9340,285.0040,485.8430,293.8590,322.2530,79.4720,93.9020,NR
147,0.7913,0.5746,0.0660,0.6690,0.7920,0.4620,0.4020,0.7020,0.0760,0.2780,0.9050,0.9490,0.0380,0.0030,0.7680,0.4520,0.7620,0.6430,0.4480,0.7100,0.6050,0.0160,0.4660,0.8820,0.7800,72.0000,491.2300,482.4840,481.0080,438.1960,472.0540,109.8070,94.7560,R
148,0.5564,0.4853,0.2420,0.3950,0.6070,0.3520,0.5530,0.8610,0.3870,0.5480,0.3920,0.6570,0.0210,0.7750,0.9390,0.2330,0.1790,0.6350,0.3250,0.1960,0.8350,0.7510,0.2090,0.5600,0.0240,50.0000,395.8150,334.7790,379.3070,269.7740,282.1890,110.3870,103.5630,NR
149,0.3627,0.7731,0.3950,0.4560,0.4170,0.1250,0.8720,0.9440,0.3120,0.0920,0.3450,0.0020,0.4090,0.4560,0.8790,0.2360,0.3180,0.2670,0.8490,0.1370,0.8700,0.7680,0.8800,0.5630,0.9920,86.0000,296.0110,425.0930,218.0450,492.3650,413.7910,124.6990,52.6090,NR
150,0.2775,0.2335,0.3540,0.1160,0.5670,0.8600,0.1480,0.2680,0.9450,0.6850,0.0030,0.6290,0.0600,0.4550,0.8220,0.6900,0.1210,0.0700,0.8850,0.0140,0.6900,0.2270,0.3560,0.0610,0.9710,97.0000,237.3700,439.0720,330.0580,414.2810,395.3990,101.4540,96.6760,R
151,0.8734,0.3126,0.6880,0.5680,0.6040,0.6000,0.9030,0.5310,0.8610,0.3520,0.1410,0.2220,0.7930,0.2300,0.7730,0.9030,0.5440,0.1430,0.6230,0.3790,0.9080,0.2240,0.2340,0.4820,0.4940,75.0000,307.4470,349.3340,455.2110,246.4500,329.7270,110.0510,94.1040,R
152,0.5153,0.5848,0.5900,0.2390,0.7580,0.5450,0.6230,0.4560,0.8300,0.5550,0.5700,0.6570,0.5020,0.7270,0.2890,0.7620,0.7500,0.3220,0.0860,0.6940,0.6780,0.0180,0.6150,0.7720,0.4160,57.0000,303.2540,231.2500,349.3910,428.5220,271.2760,90.1640,155.6030,R
153,0.7746,0.3918,0.5100,0.5650,0.9190,0.8690,0.3510,0.7970,0.6440,0.4380,0.0670,0.4160,0.8180,0.3540,0.0870,0.3660,0.4720,0.3910,0.0550,0.7670,0.2140,0.8690,0.6270,0.4750,0.3380,92.0000,285.9970,437.1980,492.2360,464.2230,230.7790,100.0970,125.4700,NR
154,0.7735,0.2468,0.0450,0.9950,0.4340,0.1850,0.1470,0.1740,0.4960,0.7980,0.9880,0.4380,0.2070,0.8200,0.3130,0.1270,0.4090,0.4590,0.2950,0.3660,0.4190,0.4450,0.5530,0.5200,0.5110,91.0000,354.6530,226.3800,449.0030,283.8930,365.8070,124.2950,112.6000,R
155,0.3366,0.6913,0.8250,0.7240,0.5750,0.6000,0.1410,0.0500,0.6540,0.3810,0.3130,0.0940,0.3650,0.6150,0.2450,0.1690,0.2610,0.4770,0.8120,0.6330,0.4880,0.1710,0.9320,0.5310,0.9310,57.0000,261.3340,244.0160,338.7220,438.1780,206.4960,120.6190,71.7960,NR
156,0.4369,0.3612,0.7800,0.3520,0.7700,0.4360,0.9220,0.3070,0.0670,0.9600,0.2310,0.4460,0.4450,0.6160,0.5490,0.3680,0.2540,0.4040,0.9020,0.9990,0.9310,0.3020,0.5660,0.1490,0.6680,93.0000,231.3050,205.9330,484.5260,275.3730,363.6130,98.0010,132.0270,NR
157,0.2001,0.3873,0.3780,0.8880,0.3270,0.1580,0.1200,0.4110,0.9850,0.8970,0.5350,0.5190,0.6210,0.7430,0.0560,0.9380,0.8750,0.4670,0.3380,0.5300,0.5040,0.3180,0.1250,0.7250,0.8900,82.0000,208.2040,401.7350,271.9220,227.7170,499.1650,54.6380,84.6320,R
158,0.3497,0.5839,0.1690,0.2030,0.8770,0.3330,0.8150,0.2670,0.0310,0.4420,0.5980,0.0450,0.1280,0.0380,0.1010,0.6210,0.1080,0.7800,0.0050,0.4540,0.1130,0.4250,0.0950,0.8020,0.5800,85.0000,360.4400,221.5840,476.8680,335.7230,307.7920,153.3540,112.6720,NR
159,0.7549,0.4819,0.3650,0.2190,0.1020,0.4240,0.3820,0.7680,0.1660,0.8390,0.9810,0.3100,0.9450,0.6100,0.6410,0.6480,0.9280,0.0110,0.9220,0.5830,0.9140,0.4100,0.6250,0.2620,0.0700,95.0000,241.5490,351.3730,479.4750,477.4090,333.3730,128.4240,42.9650,NR
160,0.5621,0.5187,0.7910,0.2940,0.9090,0.5250,0.0210,0.9410,0.0410,0.7290,0.7910,0.1720,0.4000,0.9940,0.4480,0.9550,0.9970,0.7870,0.6840,0.4550,0.2550,0.0420,0.2640,0.0050,0.8360,91.0000,283.5760,325.7890,244.4710,250.4370,307.1360,134.2560,102.2910,NR
161,0.5581,0.4399,0.9110,0.0370,0.3410,0.4580,0.7880,0.3880,0.3790,0.8830,0.6310,0.5420,0.5400,0.4750,0.2020,0.5740,0.1720,0.3330,0.5730,0.7360,0.7800,0.0870,0.3240,0.4770,0.7480,68.0000,487.7090,391.3010,412.1290,436.4080,409.5680,73.3600,142.1170,R
162,0.4824,0.4068,0.3430,0.2640,0.4710,0.7140,0.3100,0.1420,0.4320,0.2690,0.0750,0.6370,0.4070,0.6630,0.6290,0.8150,0.5510,0.7460,0.4250,0.3870,0.0230,0.0380,0.1020,0.5700,0.0800,80.0000,347.8500,366.6020,421.5940,314.4380,282.3560,97.1450,100.0420,NR
163,0.2597,0.5673,0.5970,0.2300,0.6670,0.2910,0.8500,0.8980,0.3480,0.2920,0.1240,0.5630,0.6630,0.4060,0.2910,0.0550,0.8140,0.5840,0.1610,0.4600,0.1290,0.9220,0.0230,0.9660,0.5530,87.0000,239.6760,333.4800,443.8080,450.2360,474.9470,119.3130,131.7690,NR
164,0.4106,0.3479,0.6360,0.4440,0.9370,0.8840,0.3640,0.7260,0.6480,0.4970,0.9430,0.1580,0.8450,0.9340,0.3540,0.6460,0.8980,0.9010,0.2910,0.6480,0.2560,0.1000,0.9290,0.1320,0.1410,50.0000,243.0530,313.6960,400.6780,326.6500,481.5800,132.1850,128.7640,NR
165,0.4687,0.7878,0.8260,0.4060,0.3370,0.0780,0.2720,0.0420,0.3000,0.2230,0.3620,0.5020,0.7690,0.6060,0.9780,0.1670,0.9510,0.6780,0.3310,0.0200,0.6500,0.3110,0.0910,0.2410,0.3610,90.0000,433.1660,224.5750,450.4050,317.4450,338.2040,111.3980,88.5770,NR
166,0.3528,0.5463,0.5650,0.9210,0.3270,0.0620,0.4190,0.1910,0.2290,0.2720,0.1940,0.5670,0.2160,0.7060,0.2560,0.6390,0.6430,0.9120,0.2590,0.4330,0.7580,0.7010,0.1250,0.6880,0.1560,87.0000,332.0230,475.3970,223.0420,284.3750,362.9970,110.7960,107.8540,NR
167,0.7528,0.3762,0.0090,0.8710,0.2150,0.8470,0.4690,0.0350,0.6280,0.0350,0.6430,0.4610,0.5200,0.2250,0.2430,0.3820,0.8120,0.5560,0.7810,0.3780,0.5120,0.2110,0.3140,0.3620,0.2590,51.0000,476.9880,354.9240,391.5160,250.7980,491.2510,83.7580,88.7090,NR
168,0.3277,0.5604,0.3760,0.1900,0.7690,0.3870,0.6810,0.5620,0.4170,0.7030,0.2210,0.8460,0.7790,0.3540,0.5270,0.7950,0.8120,0.8580,0.8470,0.8190,0.6850,0.2000,0.9970,0.1060,0.2290,66.0000,323.1910,244.7830,338.6120,305.3470,463.5100,90.1190,80.3310,R
169,0.5914,0.4697,0.5510,0.9710,0.9320,0.8410,0.1270,0.5570,0.3660,0.9120,0.3140,0.9310,0.2380,0.4200,0.9600,0.5950,0.9320,0.5390,0.2280,0.7130,0.5220,0.5050,0.1360,0.1450,0.9300,55.0000,252.4160,267.0360,472.9330,443.1510,321.8950,123.0330,96.4320,R
170,0.2786,0.4256,0.3570,0.2590,0.6890,0.3130,0.7010,0.0720,0.9900,0.7350,0.9110,0.9330,0.0090,0.3450,0.0850,0.4100,0.0730,0.2650,0.7240,0.2040,0.6490,0.3980,0.6490,0.8900,0.9800,98.0000,434.8180,441.5750,266.6170,389.2600,441.0300,126.2450,75.5510,NR
171,0.5823,0.4235,0.7340,0.9480,0.1330,0.5690,0.1970,0.0130,0.0400,0.3070,0.7710,0.3410,0.2030,0.9700,0.7470,0.6580,0.1690,0.2380,0.6770,0.2630,0.4970,0.8880,0.5710,0.0650,0.9590,87.0000,335.3940,387.7660,292.2010,292.1140,285.6730,82.2210,59.1630,R
172,0.2386,0.5085,0.5080,0.1160,0.5960,0.7240,0.1020,0.1700,0.8310,0.7220,0.8010,0.1460,0.9540,0.5870,0.0860,0.2140,0.6140,0.5830,0.1080,0.8980,0.3580,0.2210,0.8280,0.5190,0.8870,81.0000,265.2970,209.5860,457.3240,292.4330,465.6880,100.7150,95.2480,NR
173,0.7304,0.2814,0.2160,0.2230,0.9880,0.5880,0.7620,0.2040,0.6190,0.2940,0.4850,0.4440,0.8590,0.3600,0.7390,0.3080,0.6050,0.8560,0.2330,0.4180,0.9770,0.8270,0.8830,0.6010,0.3740,92.0000,249.5650,456.7560,320.2900,276.9820,303.7540,92.3210,112.1610,R
174,0.7549,0.3986,0.3080,0.3910,0.1370,0.8480,0.2510,0.0150,0.6710,0.2150,0.9970,0.0640,0.8730,0.1340,0.6880,0.8780,0.8470,0.5860,0.7650,0.1650,0.8190,0.2150,0.1110,0.0090,0.7410,51.0000,405.2930,391.2960,395.9120,206.0250,356.6810,102.5780,79.1490,R
175,0.7175,0.7363,0.7190,0.5480,0.3730,0.0220,0.7330,0.8830,0.0540,0.6250,0.7670,0.7560,0.8400,0.8600,0.4050,0.5920,0.5860,0.3070,0.7620,0.3640,0.4510,0.4820,0.1790,0.3860,0.4570,92.0000,243.3510,427.3970,426.2580,302.4500,303.2120,116.9620,85.9950,NR
176,0.5560,0.6678,0.2280,0.8560,0.4230,0.2440,0.8290,0.8350,0.3970,0.7190,0.7230,0.6380,0.1040,0.6020,0.4700,0.2930,0.0180,0.6940,0.0470,0.0840,0.4030,0.2420,0.8400,0.9320,0.6360,99.0000,268.2480,370.8750,351.4590,344.0800,223.8990,126.4440,117.3860,NR
177,0.8702,0.5968,0.4860,0.6270,0.6380,0.7700,0.5980,0.2130,0.7350,0.1180,0.8690,0.9800,0.8020,0.4410,0.3850,0.8900,0.0210,0.8980,0.2750,0.3700,0.2970,0.3960,0.7230,0.9960,0.4060,90.0000,223.7160,389.3060,314.0900,419.3720,318.6810,110.3340,123.8000,R
178,0.5485,0.3046,0.6150,0.2100,0.3350,0.7860,0.4250,0.7290,0.2820,0.1310,0.0680,0.8380,0.1220,0.0790,0.1570,0.5220,0.6880,0.4940,0.6210,0.4970,0.7440,0.6040,0.1760,0.3360,0.9930,76.0000,458.4190,305.5030,487.3140,220.9730,309.0340,99.1170,74.9530,R
179,0.6567,0.5872,0.2670,0.7180,0.2900,0.6120,0.3140,0.6100,0.5520,0.8280,0.4170,0.3830,0.2690,0.2110,0.2580,0.1610,0.1490,0.4990,0.3800,0.0330,0.5050,0.5680,0.6060,0.1170,0.2080,70.0000,475.7590,395.6150,497.9040,223.9660,481.3560,122.0880,109.2580,NR
180,0.3388,0.6973,0.5520,0.9710,0.2200,0.4360,0.4160,0.5920,0.2600,0.7080,0.5280,0.2180,0.7010,0.9040,0.4160,0.8690,0.2960,0.0590,0.2990,0.0970,0.3250,0.1670,0.7320,0.0710,0.7300,97.0000,299.6160,212.6240,434.6180,290.3740,384.2890,87.2280,102.6600,NR
181,0.6821,0.5253,0.5700,0.4890,0.3960,0.6690,0.3370,0.7450,0.6990,0.9560,0.2060,0.0990,0.8980,0.2870,0.6380,0.6080,0.5180,0.4710,0.0180,0.1030,0.2640,0.4460,0.6220,0.4940,0.9820,68.0000,251.1930,424.2240,340.4070,277.3600,388.1860,124.1900,73.4840,NR
182,0.5436,0.5665,0.6260,0.2020,0.7650,0.6860,0.2460,0.3220,0.5820,0.0010,0.3590,0.8250,0.7750,0.5050,0.7610,0.3150,0.0920,0.2260,0.6610,0.3970,0.9670,0.2130,0.3590,0.8840,0.4340,98.0000,341.0080,350.9010,342.3120,287.1800,382.5160,113.8830,136.6460,NR
183,0.3453,0.5403,0.2470,0.0530,0.8320,0.0780,0.9520,0.7060,0.9120,0.8140,0.1910,0.1760,0.9610,0.2910,0.7910,0.1710,0.2990,0.6730,0.2480,0.7520,0.8790,0.3200,0.2990,0.0280,0.4230,71.0000,217.7850,484.0210,452.8090,340.9620,220.1380,97.6770,78.2920,R
184,0.5494,0.6338,0.2280,0.2210,0.5330,0.5580,0.5600,0.0290,0.1610,0.1850,0.9190,0.2000,0.0640,0.1320,0.6160,0.3950,0.7460,0.5910,0.5830,0.5000,0.5880,0.5890,0.5680,0.4450,0.4480,79.0000,231.8560,420.6120,329.9460,345.7660,445.4690,125.7520,97.3400,NR
185,0.6786,0.3940,0.7670,0.8390,0.1630,0.4960,0.0310,0.4070,0.3930,0.0860,0.3960,0.2940,0.0380,0.9290,0.5050,0.4280,0.4270,0.5680,0.3860,0.9620,0.1250,0.9560,0.8280,0.2710,0.5530,62.0000,348.7160,456.9020,307.9560,204.0750,306.5400,114.9390,115.0860,NR
186,0.6357,0.5824,0.7030,0.7060,0.8010,0.7770,0.2530,0.6160,0.0590,0.1800,0.1160,0.9250,0.0020,0.3270,0.5870,0.3800,0.5950,0.6270,0.7610,0.5860,0.2250,0.1430,0.4250,0.6530,0.6640,67.0000,457.8540,321.1340,491.4880,224.6200,445.8270,91.0800,118.1960,R
187,0.3436,0.5297,0.1160,0.2690,0.5420,0.9730,0.3350,0.1460,0.3440,0.1280,0.9050,0.3700,0.6280,0.3400,0.6250,0.1770,0.4920,0.6090,0.5650,0.8170,0.7860,0.3920,0.6040,0.2550,0.9000,88.0000,471.8140,273.5940,314.1380,306.8640,255.2870,75.8490,50.2030,NR
188,0.2213,0.3700,0.0560,0.2440,0.4770,0.8310,0.9690,0.3460,0.5540,0.9760,0.6170,0.3130,0.4150,0.6780,0.7200,0.1100,0.3300,0.4730,0.4420,0.6310,0.9260,0.1690,0.4270,0.7920,0.2160,52.0000,486.7320,241.0820,244.4610,493.6390,250.5700,83.4060,107.6250,NR
189,0.6367,0.2701,0.5240,0.4610,0.1170,0.9350,0.1120,0.9670,0.3180,0.2820,0.9400,0.9610,0.7010,0.9550,0.1750,0.8570,0.6180,0.2960,0.5960,0.1090,0.7920,0.6420,0.1070,0.2200,0.2920,96.0000,233.2250,268.2890,434.4510,283.6730,430.2400,106.8770,83.3440,R
190,0.2593,0.4258,0.3830,0.1080,0.5210,0.4920,0.0310,0.6580,0.9760,0.5510,0.2000,0.0410,0.0810,0.7730,0.3020,0.5640,0.5210,0.8250,0.7150,0.4960,0.1060,0.6470,0.9630,0.0190,0.7430,72.0000,277.6160,406.0650,300.3770,331.7740,419.0870,125.0180,88.1690,R
191,0.2986,0.7999,0.1240,0.7020,0.4620,0.3970,0.7390,0.5800,0.8440,0.8080,0.4740,0.4420,0.2030,0.9200,0.5320,0.4950,0.0750,0.0740,0.6170,0.7530,0.7130,0.7830,0.3560,0.6440,0.0740,83.0000,338.9170,444.2070,204.6380,259.3070,352.2110,112.6100,33.4680,NR
192,0.6863,0.3100,0.8210,0.3160,0.0160,0.5190,0.4980,0.1030,0.6630,0.3760,0.9660,0.7840,0.5190,0.5770,0.0120,0.2690,0.7780,0.3170,0.6100,0.2620,0.8880,0.4650,0.7230,0.0940,0.4540,80.0000,295.5130,267.3640,221.4280,479.7270,374.7300,109.8420,92.2490,NR
193,0.4270,0.6573,0.4670,0.8980,0.5000,0.5480,0.3240,0.4410,0.5160,0.6600,0.8940,0.6680,0.8610,0.1770,0.1700,0.3950,0.3480,0.3430,0.8620,0.3390,0.1010,0.8830,0.9220,0.6030,0.4480,98.0000,228.1560,432.0190,462.8020,456.2680,277.1760,101.8600,96.4250,NR
194,0.6688,0.3790,0.1140,0.7230,0.2340,0.3510,0.9540,0.6160,0.3810,0.8950,0.2530,0.4270,0.9780,0.3390,0.9470,0.5650,0.5260,0.9820,0.9450,0.7650,0.4770,0.7590,0.3670,0.1750,0.5340,54.0000,293.2550,436.6890,394.6460,469.9540,435.8730,82.8770,101.2940,NR
195,0.6953,0.7777,0.4870,0.4640,0.0970,0.7340,0.4180,0.4410,0.7100,0.4000,0.0320,0.7500,0.7250,0.3160,0.7540,0.2340,0.1550,0.6570,0.2450,0.2220,0.0690,0.2190,0.2680,0.5760,0.0670,92.0000,331.8180,412.4390,206.4790,297.1260,489.9020,84.6570,52.0160,NR
196,0.3414,0.5029,0.7040,0.2490,0.2660,0.7500,0.3260,0.9980,0.1980,0.6400,0.6310,0.0810,0.3240,0.8460,0.3270,0.4420,0.7280,0.0300,0.3670,0.9610,0.8010,0.0680,0.1360,0.3030,0.8750,77.0000,299.2590,389.4760,252.5450,462.8790,353.8280,114.6540,91.6280,NR
197,0.3635,0.3876,0.4910,0.0510,0.4720,0.9470,0.5620,0.1230,0.7900,0.1030,0.9370,0.4090,0.9520,0.7230,0.1850,0.1810,0.2810,0.3720,0.8560,0.1910,0.5080,0.6490,0.5200,0.8380,0.8250,92.0000,304.3590,465.0820,431.5430,477.7350,215.8860,87.6220,87.1950,NR
198,0.7987,0.2725,0.5330,0.3650,0.1480,0.1130,0.7340,0.4620,0.8880,0.2840,0.8080,0.1620,0.2770,0.0790,0.8400,0.8760,0.4390,0.3420,0.8290,0.4520,0.1770,0.5620,0.5530,0.7560,0.7420,71.0000,318.9910,308.6070,430.1260,304.1050,229.3670,102.0900,75.7780,R
199,0.5367,0.7293,0.6220,0.6640,0.2480,0.0690,0.0480,0.5380,0.1720,0.1970,0.2080,0.3380,0.1760,0.9760,0.3900,0.0290,0.6900,0.7450,0.2630,0.9440,0.4080,0.8620,0.0940,0.2480,0.3710,58.0000,418.6540,271.2310,219.0560,356.9670,306.3780,89.3040,102.6430,NR
200,0.2740,0.4918,0.2300,0.5030,0.8680,0.8790,0.7730,0.5040,0.7180,0.6880,0.5660,0.2640,0.3070,0.4010,0.9810,0.6860,0.7060,0.2220,0.9300,0.0860,0.9330,0.8960,0.5770,0.5730,0.5000,74.0000,479.8850,283.0980,377.8060,364.6040,314.3970,113.9210,106.9650,NR
201,0.5946,0.7982,0.2270,0.2750,0.1870,0.5680,0.0780,0.8900,0.9590,0.6580,0.3210,0.2020,0.2770,0.4730,0.8100,0.4970,0.2490,0.0140,0.1810,0.7510,0.6390,0.4510,0.9100,0.4930,0.6130,81.0000,391.6230,486.5170,330.5210,455.4550,219.2630,125.2840,95.4530,NR
202,0.7812,0.5301,0.2190,0.0680,0.1410,0.8950,0.4390,0.0370,0.3920,0.2890,0.0240,0.0890,0.8070,0.4370,0.8930,0.1420,0.3500,0.9410,0.5760,0.9040,0.8670,0.5760,0.6920,0.9450,0.2480,79.0000,356.1070,294.8560,217.5620,409.1560,377.1000,113.3660,82.4260,R
203,0.2746,0.5186,0.5710,0.3930,0.8130,0.5810,0.1390,0.6990,0.4380,0.6210,0.9630,0.0510,0.9370,0.1820,0.1030,0.3270,0.7990,0.3110,0.0510,0.7460,0.6280,0.7450,0.7550,0.9410,0.3280,53.0000,212.4090,378.7640,338.6230,350.9530,296.1680,106.1180,91.5900,R
204,0.5111,0.4990,0.0040,0.4880,0.9480,0.4590,0.2140,0.6990,0.8760,0.7600,0.2500,0.7780,0.7780,0.4600,0.7550,0.0370,0.2060,0.3870,0.9270,0.6960,0.6690,0.8230,0.7220,0.0630,0.8920,99.0000,335.4880,464.2540,218.4440,333.6280,243.4350,101.0770,109.5250,R
205,0.4347,0.5047,0.6000,0.0560,0.4800,0.4020,0.8480,0.7180,0.6020,0.5520,0.9490,0.9870,0.3380,0.2400,0.7960,0.0640,0.3650,0.0700,0.3190,0.0700,0.2900,0.7900,0.9050,0.7930,0.5620,53.0000,423.8670,310.9100,406.1750,263.7750,288.0260,80.1990,49.6780,R
206,0.2976,0.5717,0.9230,0.2740,0.2910,0.1660,0.4740,0.9040,0.6530,0.1270,0.7790,0.6730,0.1060,0.9900,0.3700,0.6210,0.1670,0.0310,0.1650,0.0250,0.2140,0.5350,0.5750,0.5000,0.8030,56.0000,349.1470,486.2420,267.3300,256.3580,338.0200,58.9700,90.4720,NR
207,0.6678,0.5391,0.2390,0.2720,0.2460,0.6650,0.6810,0.6720,0.1940,0.8460,0.6510,0.1460,0.1220,0.1060,0.1920,0.7480,0.2750,0.8270,0.8410,0.5950,0.4900,0.2950,0.3580,0.9840,0.1020,80.0000,463.2990,361.5300,360.8750,400.5200,252.3460,102.9120,78.1200,NR
208,0.5350,0.5610,0.4390,0.4210,0.0730,0.8610,0.1600,0.7020,0.5850,0.6290,0.2300,0.2180,0.1000,0.5870,0.3160,0.4680,0.3560,0.4650,0.6580,0.9740,0.7000,0.2280,0.7400,0.6800,0.1720,96.0000,256.7440,213.2710,268.9830,295.9790,427.8030,67.2100,114.0510,NR
209,0.4127,0.5658,0.4330,0.1800,0.4050,0.3610,0.5580,0.7540,0.7190,0.3440,0.4970,0.3150,0.6450,0.2240,0.3880,0.8840,0.1150,0.2890,0.5970,0.8590,0.5320,0.6720,0.9860,0.9720,0.1180,53.0000,335.5210,463.7990,204.4550,462.5310,395.3330,116.0050,99.7650,NR
210,0.3051,0.4092,0.4630,0.7250,0.4200,0.4850,0.0130,0.4870,0.9420,0.8510,0.7300,0.1090,0.8940,0.8570,0.1650,0.6320,0.0200,0.1170,0.3160,0.1580,0.7590,0.8180,0.3450,0.3190,0.1120,61.0000,251.2610,462.8300,484.0810,261.1510,462.3140,122.1280,113.8570,R
211,0.6772,0.2147,0.8690,0.3290,0.4300,0.9570,0.2810,0.3880,0.4120,0.5990,0.3860,0.9280,0.7800,0.2790,0.0830,0.8970,0.7520,0.3590,0.6650,0.1780,0.3470,0.7100,0.5500,0.6210,0.5490,99.0000,487.5600,450.3890,409.0970,427.3710,242.6640,114.6140,98.7370,R
212,0.2153,0.3757,0.8330,0.8680,0.4880,0.7690,0.9490,0.6690,0.2910,0.9980,0.1110,0.3750,0.7970,0.9150,0.6940,0.5530,0.8000,0.0710,0.2730,0.3280,0.4120,0.6310,0.6520,0.9900,0.1630,75.0000,385.7130,355.6220,279.8740,463.1360,430.2230,123.2260,130.6530,NR
213,0.5934,0.3389,0.3790,0.3660,0.6470,0.2550,0.3340,0.2960,0.8330,0.7020,0.8110,0.0710,0.4900,0.7160,0.3430,0.5740,0.8180,0.7240,0.3170,0.8280,0.9450,0.0010,0.6190,0.6040,0.8820,83.0000,272.4330,271.9540,490.1810,355.1370,391.2090,79.5310,101.8630,R
214,0.5902,0.6598,0.2010,0.6850,0.9990,0.8660,0.2610,0.4090,0.4180,0.2550,0.8750,0.1100,0.2180,0.4000,0.3750,0.9330,0.8370,0.5980,0.9830,0.8960,0.3430,0.4590,0.7930,0.8020,0.6880,94.0000,350.9560,471.7180,247.5420,417.0530,243.6390,91.2120,83.8340,NR
215,0.4321,0.5576,0.5070,0.8900,0.6860,0.6550,0.2260,0.4240,0.9630,0.8290,0.2490,0.3600,0.2080,0.2150,0.1100,0.4740,0.9030,0.0890,0.1920,0.8240,0.6380,0.2220,0.2700,0.6630,0.9610,82.0000,395.0320,358.7770,221.4630,224.9770,231.4660,95.7210,110.3060,NR
216,0.4491,0.4308,0.6320,0.7130,0.0540,0.2760,0.3290,0.6110,0.2440,0.1750,0.0240,0.5780,0.2100,0.5320,0.5920,0.8680,0.0280,0.7460,0.1320,0.3930,0.7350,0.3650,0.5940,0.6770,0.3000,93.0000,423.1650,265.2560,227.1050,245.3960,358.6050,96.8320,78.8000,NR
217,0.7048,0.5379,0.2920,0.9170,0.6840,0.3380,0.5200,0.4640,0.8460,0.6770,0.3750,0.3840,0.8090,0.2210,0.8660,0.0980,0.3990,0.1840,0.5710,0.3700,0.2650,0.7800,0.1770,0.6300,0.0390,72.0000,455.3480,476.6330,402.7790,371.0620,284.1730,108.2740,102.3710,NR
218,0.6028,0.4772,0.3870,0.9900,0.0550,0.0680,0.2630,0.1270,0.5840,0.6050,0.8520,0.0870,0.8270,0.5780,0.7260,0.7170,0.2980,0.6800,0.0440,0.4660,0.4340,0.6440,0.6790,0.5420,0.2800,63.0000,470.5850,213.3650,357.5730,266.3620,424.3330,103.0920,78.3000,R
219,0.2807,0.4727,0.6810,0.1170,0.7040,0.4580,0.7650,0.6390,0.4890,0.1570,0.4370,0.1380,0.6760,0.9460,0.8240,0.5590,0.2080,0.9120,0.0650,0.2550,0.5940,0.8370,0.0450,0.3320,0.5970,96.0000,213.1220,249.5440,466.5390,311.3600,302.1080,105.5010,65.2160,NR
220,0.7362,0.3222,0.0810,0.4060,0.4280,0.5100,0.5710,0.1520,0.3590,0.4960,0.7770,0.3100,0.4470,0.3550,0.2920,0.5560,0.4270,0.8310,0.8500,0.2800,0.7080,0.8160,0.6650,0.4430,0.4780,96.0000,430.5280,354.6490,333.7240,292.0580,439.6920,61.1520,113.5540,NR
221,0.3251,0.2686,0.2620,0.9370,0.2830,0.6660,0.8670,0.1000,0.6800,0.7240,0.9190,0.1040,0.6560,0.5850,0.6910,0.5610,0.9400,0.8770,0.3850,0.3990,0.2120,0.9010,0.2930,0.9830,0.0090,56.0000,292.6670,395.1560,249.4810,235.5270,282.1090,98.3810,105.1670,R
222,0.4043,0.2527,0.3060,0.2910,0.8560,0.0710,0.4170,0.9550,0.0870,0.6070,0.2580,0.2300,0.3370,0.7130,0.4190,0.7150,0.9190,0.9130,0.5360,0.2560,0.6320,0.0920,0.3420,0.3030,0.9530,89.0000,403.3630,386.7440,461.8370,408.0400,275.3840,106.2470,123.2800,R
223,0.7303,0.5574,0.2900,0.4060,0.2920,0.8000,0.7840,0.3200,0.9100,0.2040,0.3810,0.4800,0.4240,0.8110,0.6250,0.1200,0.0830,0.5410,0.0820,0.1370,0.8390,0.9270,0.2580,0.6540,0.0770,65.0000,453.1040,278.2610,362.7870,229.7820,469.0050,93.2810,110.3550,NR
224,0.7367,0.7857,0.8450,0.3580,0.5990,0.2960,0.8680,0.8530,0.6810,0.4510,0.3480,0.5730,0.9750,0.3940,0.2400,0.0520,0.3540,0.7380,0.5820,0.2180,0.6100,0.6900,0.2050,0.2920,0.7770,95.0000,366.1320,291.9080,431.1560,478.0630,318.3450,78.1580,79.6980,NR
225,0.5472,0.5296,0.6540,0.8020,0.3180,0.9770,0.0520,0.0660,0.7940,0.2850,0.0000,0.0360,0.0980,0.3160,0.4550,0.4770,0.8620,0.5790,0.8010,0.8010,0.9440,0.2590,0.4290,0.5890,0.9270,98.0000,333.0500,264.2940,455.2410,407.9720,214.8600,130.9400,112.8050,R
226,0.2584,0.3855,0.9410,0.8260,0.0930,0.1670,0.7890,0.5720,0.3160,0.3210,0.8690,0.8550,0.7000,0.6620,0.5830,0.0500,0.4340,0.8770,0.5260,0.2990,0.8160,0.9230,0.2930,0.6650,0.4330,72.0000,312.0420,458.7580,229.5820,435.9540,353.5420,112.1170,121.0550,R
227,0.6649,0.5543,0.4190,0.7240,0.3520,0.6550,0.2980,0.5590,0.9400,0.1420,0.1410,0.7010,0.4710,0.8340,0.2100,0.8050,0.9290,0.9440,0.2610,0.7820,0.4290,0.4590,0.3780,0.2090,0.9660,96.0000,238.2450,217.6850,292.7540,382.7070,219.8270,85.4900,101.2000,NR
228,0.7171,0.4563,0.7380,0.6010,0.4540,0.6620,0.8590,0.2270,0.5280,0.5920,0.8090,0.2880,0.6240,0.2610,0.1400,0.7040,0.4810,0.5660,0.8000,0.7800,0.1420,0.2040,0.2200,0.3800,0.8370,98.0000,245.0490,217.6150,252.7990,336.1730,411.9170,59.4430,101.3450,NR
229,0.2820,0.5618,0.2540,0.3500,0.9140,0.0500,0.1260,0.9810,0.4530,0.5020,0.7540,0.5330,0.8380,0.2440,0.4220,0.2520,0.9170,0.5780,0.4620,0.4300,0.4650,0.4450,0.8250,0.0920,0.6180,67.0000,227.1550,235.2480,418.3900,294.0180,264.1340,95.1820,75.8350,NR
230,0.7685,0.4979,0.0710,0.1030,0.1070,0.4340,0.7730,0.0990,0.9480,0.2510,0.5100,0.1400,0.4960,0.6580,0.1510,0.3210,0.4030,0.7990,0.6650,0.5070,0.9200,0.3820,0.2420,0.8440,0.6260,76.0000,210.7280,421.9540,258.3910,295.2490,408.5780,101.0320,84.0140,NR
231,0.8770,0.4169,0.8170,0.2910,0.3940,0.6310,0.8210,0.3210,0.1680,0.2720,0.4390,0.0980,0.6280,0.8960,0.3420,0.9560,0.4200,0.5360,0.9770,0.7100,0.5060,0.7550,0.4730,0.7220,0.2220,85.0000,444.8220,442.0750,337.1420,230.9770,445.3770,141.6720,51.1710,R
232,0.3556,0.3902,0.8330,0.1310,0.3520,0.5510,0.7690,0.8620,0.2560,0.9520,0.4350,0.1310,0.1590,0.4370,0.8120,0.0690,0.2180,0.8020,0.8230,0.2000,0.0560,0.6540,0.7940,0.0500,0.5230,65.0000,373.2170,450.8750,305.0270,472.2220,375.3520,88.9090,101.6020,R
233,0.3337,0.4608,0.9660,0.8630,0.5540,0.9300,0.4060,0.4510,0.5240,0.1560,0.3560,0.7630,0.1380,0.5270,0.6910,0.5820,0.4950,0.0980,0.4610,0.6610,0.4940,0.0870,0.2050,0.8790,0.8670,94.0000,403.1990,377.3320,315.3830,459.6380,286.9450,88.1540,94.9070,NR
234,0.7819,0.5856,0.0170,0.7170,0.4990,0.4310,0.2140,0.8910,0.4790,0.2880,0.5710,0.9220,0.4830,0.2100,0.6110,0.6560,0.1320,0.1100,0.1430,0.8540,0.4620,0.8080,0.4230,0.9410,0.1470,92.0000,482.1820,382.3710,374.1380,340.7310,489.6030,116.0610,97.9780,R
235,0.3613,0.5907,0.1970,0.8950,0.4380,0.2900,0.0620,0.1000,0.6970,0.4120,0.8310,0.1330,0.9340,0.8760,0.5030,0.2140,0.8990,0.9940,0.8260,0.6910,0.7820,0.7570,0.4580,0.0900,0.0600,99.0000,221.0500,485.7450,262.2840,273.0320,311.5760,101.9930,93.7360,NR
236,0.5430,0.4054,0.9340,0.3190,0.9210,0.7800,0.2650,0.0570,0.5500,0.7280,0.8510,0.2190,0.8780,0.3080,0.7340,0.7010,0.6120,0.2700,0.9620,0.6010,0.1120,0.5050,0.2780,0.4060,0.3800,98.0000,322.1220,337.2840,347.5080,294.5170,398.7580,88.8220,93.6450,R
237,0.2618,0.4700,0.7280,0.3200,0.9370,0.7030,0.2310,0.5630,0.5230,0.3010,0.7000,0.9880,0.8080,0.3420,0.6020,0.3970,0.4840,0.5000,0.9430,0.5870,0.6720,0.8570,0.2310,0.2360,0.7460,65.0000,334.8100,458.8600,227.2810,279.6690,357.2620,94.8880,66.6040,NR
238,0.7714,0.4178,0.3980,0.1450,0.5620,0.1120,0.2870,0.2420,0.5620,0.1680,0.2180,0.2640,0.5760,0.3910,0.7810,0.6840,0.7990,0.6930,0.5480,0.0170,0.8450,0.7270,0.0410,0.6230,0.8230,95.0000,245.2580,291.3790,390.0630,463.3030,350.5730,104.4390,154.9790,NR
239,0.7598,0.4593,0.8720,0.2650,0.3460,0.0330,0.1100,0.0110,0.6010,0.5170,0.0160,0.6190,0.2180,0.2950,0.7460,0.7380,0.3460,0.3200,0.7630,0.1530,0.9800,0.2970,0.4240,0.6870,0.9200,71.0000,345.7130,462.7710,455.9890,438.3800,359.7840,133.7860,99.7260,R
240,0.5362,0.4723,0.0080,0.3000,0.7740,0.1120,0.8660,0.2640,0.4150,0.1640,0.6050,0.8410,0.5320,0.7020,0.3300,0.1560,0.4680,0.9630,0.7200,0.3850,0.5690,0.2070,0.8610,0.4440,0.0230,57.0000,365.1670,325.2800,257.6880,494.7570,481.1760,123.8360,93.1130,NR
241,0.5114,0.3222,0.2110,0.7180,0.9110,0.6060,0.6410,0.3870,0.9680,0.6350,0.0350,0.2980,0.3610,0.6340,0.5790,0.1810,0.2650,0.9120,0.0440,0.3160,0.2920,0.3490,0.5750,0.0730,0.2000,99.0000,392.5800,416.9410,346.6620,480.6460,480.2770,131.2860,112.0120,R
242,0.7931,0.3499,0.9800,0.2940,0.4470,0.2960,0.9000,0.9670,0.8870,0.9060,0.7690,0.6750,0.7920,0.7770,0.2640,0.4130,0.7090,0.2440,0.6460,0.7950,0.9930,0.0020,0.2680,0.0690,0.2710,90.0000,340.0700,339.3840,413.8440,381.4470,454.0810,60.3450,117.6630,NR
243,0.6131,0.3830,0.4710,0.2810,0.4120,0.7530,0.8100,0.7640,0.1930,0.0540,0.0640,0.6890,0.7800,0.4820,0.7180,0.9150,0.8020,0.1110,0.6470,0.6550,0.8360,0.8370,0.6220,0.6150,0.2000,55.0000,393.6820,453.8890,318.3970,295.6410,452.5620,90.3950,112.0510,NR
244,0.4175,0.5987,0.4690,0.4340,0.3050,0.1600,0.6690,0.3950,0.8820,0.0430,0.8740,0.0920,0.8240,0.4580,0.7400,0.4510,0.1590,0.9480,0.6420,0.2150,0.5970,0.2100,0.4020,0.5950,0.6100,56.0000,329.7730,289.5110,453.7630,485.9330,482.8920,113.1360,109.5030,R
245,0.6784,0.4550,0.6140,0.0040,0.1880,0.1960,0.3410,0.5250,0.1250,0.4570,0.1430,0.4750,0.6380,0.7840,0.7550,0.1940,0.4380,0.4180,0.7300,0.5740,0.0890,0.2110,0.9340,0.4480,0.7580,72.0000,396.3410,444.8770,378.1050,439.3600,377.8770,92.8990,95.3870,R
246,0.3714,0.4892,0.6300,0.6230,0.5920,0.4390,0.9600,0.5720,0.5630,0.0840,0.0870,0.2350,0.0620,0.3620,0.2240,0.1950,0.2040,0.9380,0.7720,0.4890,0.7770,0.9710,0.5130,0.6170,0.8930,57.0000,424.7740,327.6220,365.3580,212.2850,479.4900,113.2750,111.0780,R
247,0.7759,0.3989,0.5790,0.9540,0.6960,0.3820,0.2560,0.9440,0.9450,0.5660,0.5200,0.6140,0.4080,0.4470,0.5870,0.2460,0.3910,0.2260,0.8200,0.2180,0.0570,0.2770,0.2570,0.2430,0.4270,93.0000,465.5180,482.0900,365.5930,467.2120,299.5180,90.7850,73.9780,NR
248,0.5286,0.6991,0.6870,0.8550,0.2350,0.7260,0.0840,0.5260,0.8410,0.7500,0.8740,0.9200,0.8860,0.0960,0.5810,0.3420,0.7650,0.2360,0.5160,0.9620,0.3430,0.2630,0.2100,0.5850,0.6520,65.0000,424.4520,217.8380,487.3390,385.2720,384.1140,90.3890,90.1750,NR
249,0.7742,0.5531,0.7230,0.2230,0.4290,0.7850,0.4120,0.1740,0.7440,0.7750,0.3670,0.0130,0.3160,0.0490,0.3830,0.1540,0.9330,0.8550,0.8910,0.3900,0.8250,0.7210,0.1430,0.4050,0.1950,88.0000,421.2900,330.3700,234.3710,410.5320,232.3280,81.0840,128.3020,R
250,0.6194,0.4606,0.1160,0.7180,0.9510,0.1340,0.7120,0.9990,0.9790,0.8800,0.2260,0.1980,0.2990,0.9210,0.6340,0.9630,0.9620,0.2320,0.3360,0.0050,0.3380,0.0330,0.4680,0.0990,0.0520,83.0000,426.0630,353.5100,282.9090,220.4770,394.9850,92.3800,108.8140,NR
251,0.6768,0.5890,0.3600,0.5940,0.4640,0.4450,0.7750,0.6420,0.5850,0.1150,0.0200,0.3730,0.1210,0.6530,0.8560,0.7370,0.4440,0.8370,0.7150,0.5210,0.6050,0.1820,0.0200,0.9190,0.9670,79.0000,459.7050,466.9410,348.1560,216.5640,325.7720,86.3540,129.4350,R
252,0.7431,0.5954,0.8320,0.2940,0.1880,0.5920,0.6900,0.7540,0.7180,0.2270,0.5520,0.2810,0.0850,0.7910,0.0270,0.3440,0.5060,0.0090,0.6290,0.3930,0.7360,0.3820,0.5390,0.0410,0.9290,70.0000,212.6340,369.9420,421.9550,224.7100,452.5840,103.9730,79.0000,NR
253,0.2042,0.7443,0.0010,0.0060,0.1230,0.8380,0.6450,0.7140,0.5380,0.5970,0.0730,0.2080,0.9770,0.5340,0.9870,0.1740,0.7170,0.1540,0.2260,0.2600,0.0070,0.2890,0.4970,0.2090,0.2330,53.0000,324.3820,212.4880,369.2850,313.7020,260.5520,91.4540,116.8850,NR
254,0.3651,0.2784,0.1880,0.2450,0.3380,0.9330,0.1130,0.5760,0.3440,0.3360,0.6980,0.0210,0.3410,0.4130,0.2360,0.0410,0.4650,0.1610,0.9890,0.1740,0.6330,0.5280,0.6710,0.3500,0.8430,88.0000,359.0440,314.1270,225.4020,466.3910,326.3060,111.9850,96.1990,R
255,0.5091,0.5377,0.1840,0.6330,0.6990,0.8690,0.3780,0.5500,0.2430,0.3060,0.8330,0.4850,0.7720,0.1240,0.5300,0.9940,0.4700,0.7460,0.0510,0.1290,0.6480,0.0390,0.3130,0.9470,0.0150,70.0000,419.9420,450.7410,222.1360,414.0830,321.9350,111.4090,138.1860,NR
256,0.7291,0.5519,0.4600,0.0140,0.9610,0.1870,0.9900,0.2710,0.6770,0.3030,0.5930,0.9030,0.0880,0.5940,0.7250,0.0440,0.6460,0.1560,0.1870,0.7050,0.8380,0.2940,0.8310,0.3630,0.0080,76.0000,435.9620,285.7520,376.0120,224.3420,219.5220,81.5300,77.5900,NR
257,0.8069,0.2504,0.6760,0.3250,0.3750,0.1030,0.4670,0.1430,0.4360,0.9500,0.0840,0.4560,0.7540,0.3680,0.9010,0.4590,0.5680,0.7460,0.6010,0.8070,0.9630,0.8740,0.5200,0.8350,0.5170,85.0000,365.3990,385.6760,487.6720,215.3200,331.8440,57.3640,101.6420,R
258,0.5999,0.5735,0.3500,0.2680,0.5510,0.8140,0.1870,0.4060,0.3030,0.8500,0.0360,0.9680,0.4020,0.9480,0.2200,0.6570,0.6940,0.3180,0.5080,0.7070,0.9420,0.8560,0.1690,0.6910,0.2650,99.0000,341.0860,365.2390,378.6550,487.3610,216.2050,116.4020,123.1970,NR
259,0.5927,0.5860,0.1330,0.9550,0.1290,0.7670,0.2090,0.8580,0.6240,0.9440,0.6030,0.8420,0.4960,0.8900,0.4090,0.9280,0.6460,0.9200,0.0430,0.3650,0.9020,0.2680,0.5440,0.4200,0.0100,74.0000,331.1870,358.6390,335.9170,268.7880,397.0720,72.9600,95.7140,R
260,0.3757,0.3362,0.4880,0.0400,0.8860,0.6360,0.3890,0.0710,0.2560,0.3550,0.6380,0.8070,0.3720,0.2990,0.0500,0.8660,0.2170,0.8120,0.7010,0.3450,0.2240,0.1260,0.2000,0.7760,0.9690,57.0000,259.1810,435.3150,396.2510,425.8380,387.5130,91.0230,92.0740,R
261,0.6999,0.5865,0.8840,0.8280,0.4560,0.2360,0.2950,0.9020,0.4050,0.5860,0.1590,0.5950,0.9790,0.8960,0.3940,0.2560,0.5790,0.5630,0.7590,0.0820,0.7120,0.9890,0.1730,0.4170,0.4880,60.0000,487.1190,421.9800,222.6120,472.3700,276.5650,102.0480,87.2680,R
262,0.3015,0.4288,0.7890,0.1370,0.5390,0.4460,0.4830,0.9070,0.8190,0.3990,0.4950,0.4300,0.3700,0.2770,0.6560,0.6990,0.5560,0.2410,0.9380,0.2060,0.0760,0.0470,0.9360,0.8250,0.9060,65.0000,251.4370,204.4650,307.3460,431.2190,366.8140,72.9010,145.9910,R
263,0.5175,0.2968,0.7940,0.2420,0.9340,0.8860,0.9040,0.7800,0.2650,0.8550,0.9490,0.9560,0.8900,0.7710,0.2200,0.1580,0.5430,0.8970,0.5220,0.5240,0.7070,0.1220,0.4500,0.3400,0.2670,67.0000,330.5950,456.5950,246.9880,389.6020,255.3880,126.8230,103.8980,R
264,0.8951,0.4967,0.1460,0.9540,0.4760,0.8370,0.5800,0.5440,0.3870,0.6620,0.4140,0.8230,0.2690,0.0910,0.5670,0.1630,0.1830,0.9980,0.7670,0.3270,0.4150,0.5100,0.2830,0.2940,0.2280,51.0000,273.2870,249.7280,282.5160,285.9910,314.7350,124.1360,113.2710,R
265,0.7232,0.5949,0.7590,0.5830,0.0270,0.0990,0.6930,0.4040,0.4170,0.9590,0.7260,0.1790,0.7420,0.8770,0.3000,0.8700,0.5560,0.6730,0.3720,0.8760,0.6960,0.5280,0.5990,0.9670,0.4640,57.0000,261.5280,224.7670,287.3210,467.9650,470.7890,99.2430,110.7800,NR
266,0.6081,0.2173,0.7950,0.7860,0.7900,0.8430,0.3590,0.9950,0.0420,0.7700,0.5070,0.4000,0.6450,0.2960,0.8090,0.9850,0.2850,0.0950,0.3250,0.4950,0.1720,0.4550,0.3190,0.8230,0.6800,76.0000,272.5190,374.4520,246.6930,227.6430,469.6610,115.0780,104.7770,R
267,0.3362,0.3588,0.6690,0.6360,0.1130,0.5210,0.4610,0.7160,0.7040,0.3210,0.1540,0.0340,0.5830,0.9030,0.2930,0.6300,0.0990,0.7160,0.2670,0.3030,0.5550,0.4450,0.0820,0.0670,0.1080,93.0000,337.7810,347.3050,211.3400,380.6180,374.2870,55.0450,89.9160,NR
268,0.6083,0.3260,0.4120,0.2890,0.0970,0.0970,0.2090,0.0920,0.8080,0.1600,0.2910,0.4950,0.8720,0.8270,0.5870,0.0680,0.4180,0.2550,0.4690,0.2290,0.3620,0.5390,0.9460,0.3940,0.0870,86.0000,291.3600,407.9330,230.4440,283.5510,435.4910,132.4040,99.0180,R
269,0.7732,0.7997,0.8760,0.4800,0.5110,0.2130,0.2740,0.5100,0.7420,0.4720,0.8140,0.0560,0.6800,0.3150,0.8160,0.9110,0.5600,0.2230,0.4580,0.3920,0.2810,0.4300,0.6920,0.8340,0.6400,87.0000,305.2000,354.8830,252.2060,292.1280,403.0140,116.1570,73.7850,NR
270,0.2341,0.3017,0.7250,0.5480,0.1750,0.6440,0.0170,0.2050,0.2550,0.5720,0.8070,0.8660,0.4040,0.4310,0.5880,0.0460,0.0430,0.6060,0.8720,0.7960,0.4880,0.3250,0.8510,0.4570,0.8230,88.0000,301.0200,212.1050,490.9660,436.5560,269.9220,69.1650,111.3500,R
271,0.7995,0.6895,0.3910,0.6150,0.8180,0.1090,0.6330,0.7780,0.2530,0.7110,0.6250,0.5120,0.9900,0.2020,0.7000,0.0700,0.3450,0.2770,0.6520,0.4630,0.0530,0.3180,0.9380,0.1580,0.8330,76.0000,374.4720,434.1540,298.5030,475.3650,290.3350,155.3230,106.3900,NR
272,0.6792,0.5650,0.1730,0.9730,0.1400,0.1190,0.9450,0.2420,0.3650,0.5110,0.3050,0.1590,0.2900,0.9450,0.6000,0.8520,0.1110,0.6540,0.0110,0.0370,0.4530,0.0130,0.3650,0.0280,0.3150,94.0000,326.6870,311.7200,223.7400,265.7930,465.6690,101.5530,122.4170,NR
273,0.3766,0.2119,0.6260,0.4500,0.0720,0.1710,0.6660,0.5480,0.5880,0.9070,0.9330,0.2940,0.8850,0.5230,0.6430,0.1010,0.4020,0.9490,0.9390,0.4150,0.2460,0.9600,0.5020,0.9480,0.0350,89.0000,259.8310,451.8690,458.8900,291.6630,301.7760,84.8510,114.7630,R
274,0.6789,0.3902,0.1140,0.3580,0.6380,0.3560,0.0240,0.3160,0.8490,0.8010,0.7120,0.0070,0.0200,0.6910,0.4530,0.9480,0.4200,0.0520,0.8170,0.1930,0.5120,0.3680,0.7010,0.3000,0.0500,55.0000,350.0650,277.6920,440.9110,342.8690,374.0030,115.7110,109.0100,NR
275,0.5126,0.3888,0.0340,0.9030,0.4090,0.1160,0.1720,0.0760,0.8710,0.8510,0.3770,0.3430,0.2500,0.3250,0.7770,0.3530,0.2800,0.4020,0.0030,0.1530,0.2880,0.7980,0.9560,0.1980,0.3210,55.0000,279.7250,440.7420,453.5690,222.0110,284.7600,109.4790,132.1400,NR
276,0.4197,0.2247,0.4780,0.2980,0.5070,0.1960,0.6360,0.1540,0.6890,0.9080,0.0530,0.4530,0.7750,0.9410,0.9430,0.9420,0.8020,0.3110,0.6280,0.6570,0.0330,0.3950,0.2550,0.5280,0.0440,64.0000,454.9810,365.1990,298.4870,203.3230,313.3980,73.1130,82.3520,R
277,0.6936,0.5189,0.1440,0.8350,0.7160,0.6310,0.5200,0.5900,0.3160,0.5930,0.3560,0.1400,0.9060,0.1110,0.5180,0.3660,0.0160,0.0950,0.4120,0.2710,0.5430,0.7420,0.7940,0.5790,0.0170,72.0000,241.9220,307.5410,410.2620,449.4010,340.3940,130.8870,101.6900,NR
278,0.5548,0.4005,0.9950,0.8000,0.9060,0.6680,0.0300,0.3710,0.9220,0.6730,0.7530,0.7650,0.3590,0.5620,0.1080,0.8130,0.9460,0.6510,0.3240,0.8210,0.3550,0.3790,0.2990,0.3880,0.1440,82.0000,212.3980,259.1570,343.7310,250.7440,260.3340,91.5850,126.8060,NR
279,0.5805,0.2165,0.2900,0.9180,0.9320,0.4410,0.1060,0.1160,0.6630,0.6560,0.1630,0.5000,0.8520,0.8420,0.9550,0.5890,0.6310,0.0490,0.9500,0.8890,0.5360,0.4550,0.8840,0.9610,0.0190,95.0000,224.1900,361.9760,479.1750,370.9730,372.1940,105.2980,80.8140,R
280,0.6541,0.3285,0.2120,0.5920,0.9030,0.3720,0.0710,0.0120,0.6510,0.0250,0.8260,0.1930,0.9520,0.7030,0.4610,0.5460,0.1710,0.6380,0.1930,0.5050,0.0400,0.8100,0.2750,0.6410,0.7840,50.0000,482.3860,431.4780,257.7030,456.6690,473.3450,58.5630,121.4300,NR
281,0.5884,0.3110,0.6330,0.5370,0.7290,0.9830,0.6420,0.8040,0.6880,0.5110,0.5390,0.6930,0.9220,0.8810,0.8920,0.2120,0.5040,0.9420,0.1370,0.2200,0.4670,0.1840,0.1880,0.6040,0.7600,71.0000,219.3350,284.5790,495.2950,443.8830,360.3840,107.1520,99.2720,R
282,0.2958,0.2024,0.9080,0.4180,0.8540,0.5700,0.8810,0.9380,0.0840,0.2790,0.1830,0.9570,0.6950,0.9260,0.9850,0.7920,0.8740,0.9410,0.6090,0.8200,0.9740,0.4710,0.2170,0.6650,0.0550,74.0000,386.7500,237.0780,345.2680,227.9920,266.5480,72.2840,100.9840,R
283,0.4841,0.2298,0.6670,0.8290,0.4080,0.1500,0.5940,0.1980,0.6340,0.7010,0.2800,0.2810,0.1980,0.1080,0.3480,0.8940,0.9690,0.7490,0.3650,0.8090,0.3180,0.6360,0.5620,0.0380,0.7090,54.0000,420.3940,236.1880,340.2150,450.9860,354.4270,80.8720,102.7700,R
284,0.2422,0.3630,0.5460,0.2660,0.2660,0.1010,0.7500,0.4060,0.2640,0.3300,0.1060,0.7160,0.4510,0.9650,0.9120,0.7830,0.4330,0.4440,0.9560,0.1900,0.8050,0.9180,0.4360,0.6100,0.1920,72.0000,369.1130,205.9490,275.5030,304.1550,250.2420,105.1600,99.3800,R
285,0.5203,0.5630,0.8010,0.4870,0.5980,0.1130,0.4720,0.9080,0.7080,0.1860,0.1480,0.7770,0.0020,0.2870,0.3080,0.7690,0.3150,0.9810,0.6140,0.6240,0.6700,0.8210,0.6970,0.1880,0.1680,63.0000,439.9730,438.3040,455.9480,419.2620,488.1750,91.8600,151.1530,NR
286,0.2192,0.5523,0.3960,0.6410,0.1860,0.0980,0.0270,0.2090,0.8490,0.2170,0.4950,0.0820,0.3460,0.4960,0.2030,0.6550,0.0960,0.1230,0.1870,0.0350,0.5360,0.3050,0.8270,0.1330,0.9190,87.0000,211.9310,312.1960,440.0640,419.9130,337.1040,93.4710,82.9770,NR
287,0.2465,0.5862,0.1690,0.4360,0.7330,0.0630,0.0210,0.7710,0.3000,0.7010,0.7350,0.9330,0.4000,0.3580,0.8070,0.7640,0.6530,0.8110,0.6420,0.9570,0.3340,0.7380,0.9500,0.3340,0.6120,70.0000,269.5490,203.3070,422.2550,498.3900,320.9140,109.9150,109.3700,R
288,0.5303,0.4755,0.9180,0.5460,0.5340,0.9480,0.9270,0.9550,0.2580,0.0940,0.6050,0.0250,0.8880,0.9120,0.4050,0.8720,0.1440,0.7010,0.4890,0.8730,0.3860,0.6270,0.5260,0.0890,0.8890,94.0000,495.8430,337.9990,444.9220,281.2360,441.6630,111.9080,91.9140,R
289,0.4099,0.4713,0.5570,0.4560,0.0800,0.7830,0.2480,0.6280,0.8430,0.0770,0.2380,0.8710,0.5470,0.7760,0.5650,0.4720,0.6840,0.6010,0.6290,0.3690,0.4970,0.7050,0.2230,0.5790,0.3870,94.0000,247.1200,227.7430,274.7960,322.7900,375.6220,91.3350,109.8330,R
290,0.6331,0.3113,0.0330,0.0430,0.9270,0.7600,0.5810,0.6230,0.4310,0.0670,0.5500,0.1250,0.6360,0.1920,0.9970,0.0040,0.5200,0.8650,0.6830,0.6220,0.7390,0.7720,0.5520,0.3420,0.5170,82.0000,471.5250,459.9810,218.8730,474.9150,482.1770,101.6210,107.4920,NR
291,0.3463,0.3890,0.0430,0.2350,0.3670,0.5490,0.4010,0.3980,0.2990,0.9330,0.9000,0.3500,0.4360,0.3080,0.5110,0.3960,0.5950,0.8830,0.8680,0.3620,0.1710,0.2370,0.1120,0.7420,0.6840,72.0000,460.8010,294.9550,266.7220,493.6490,443.2940,82.0960,126.5930,R
292,0.2601,0.4650,0.1780,0.8560,0.0390,0.7840,0.4070,0.9280,0.0550,0.6820,0.2860,0.1960,0.1650,0.6430,0.2340,0.6080,0.7370,0.3300,0.4480,0.0590,0.9490,0.8800,0.2450,0.9270,0.7760,78.0000,301.7130,407.8820,404.5020,213.9930,460.6330,72.3080,91.8060,NR
293,0.6814,0.5761,0.3020,0.7020,0.0760,0.4650,0.5460,0.5570,0.9020,0.2660,0.3690,0.8700,0.0030,0.7400,0.4580,0.3790,0.1360,0.3690,0.3170,0.0800,0.8300,0.2360,0.2640,0.6590,0.6400,71.0000,236.8130,412.3510,448.9760,474.9020,348.3950,83.0900,85.3900,NR
294,0.7320,0.2635,0.9230,0.0040,0.6460,0.6390,0.6460,0.3450,0.6030,0.3390,0.6960,0.0190,0.6260,0.8070,0.0630,0.6000,0.6650,0.9680,0.5250,0.1900,0.3300,0.7870,0.7450,0.7610,0.5140,54.0000,226.8810,490.6170,247.1550,284.6500,470.2880,81.3770,114.1980,R
295,0.8840,0.3841,0.0640,0.5960,0.1850,0.5820,0.5760,0.6980,0.8260,0.4300,0.3260,0.9770,0.4180,0.3780,0.5210,0.6880,0.0860,0.3740,0.0990,0.7310,0.9000,0.9280,0.5900,0.4010,0.8450,66.0000,227.0080,366.0930,416.7900,322.4350,468.4510,104.3290,76.6010,R
296,0.2468,0.3181,0.6710,0.6380,0.1690,0.0530,0.8050,0.5660,0.0640,0.6480,0.9190,0.0700,0.9460,0.6710,0.3080,0.1120,0.6700,0.7430,0.5050,0.1810,0.1190,0.7700,0.7110,0.1680,0.4830,94.0000,286.3080,469.3890,440.8730,422.7010,494.4240,84.8450,122.1800,NR
297,0.7360,0.5655,0.4420,0.8020,0.0010,0.9590,0.4110,0.2670,0.1710,0.6660,0.5210,0.9360,0.8950,0.6250,0.8960,0.3760,0.5210,0.7320,0.3930,0.1080,0.6620,0.6550,0.1240,0.9110,0.7360,83.0000,365.2840,297.1770,475.0980,300.9360,478.3840,100.0360,77.8610,NR
298,0.7579,0.3428,0.9480,0.5730,0.3090,0.1800,0.0850,0.5010,0.1580,0.1230,0.5290,0.8520,0.0150,0.2050,0.3050,0.2340,0.3860,0.8170,0.2500,0.0410,0.7210,0.2190,0.3440,0.6110,0.7220,52.0000,423.6490,360.6780,403.3070,495.8300,348.6380,132.2510,146.1730,NR
299,0.4101,0.3781,0.1910,0.1470,0.2400,0.5320,0.9410,0.9340,0.3860,0.7250,0.1400,0.2980,0.8350,0.3940,0.9560,0.3810,0.5230,0.5520,0.2340,0.6140,0.7560,0.7130,0.1060,0.1220,0.2390,55.0000,447.7290,281.1920,386.5340,480.9880,252.1050,131.2690,100.2880,NR
300,0.6619,0.3459,0.0200,0.3330,0.8770,0.2410,0.1640,0.7160,0.0360,0.6960,0.4680,0.4370,0.8170,0.3840,0.4870,0.2690,0.8230,0.8020,0.7580,0.0480,0.4420,0.4960,0.5140,0.9700,0.1670,94.0000,393.6730,307.7850,416.3100,272.0870,407.6670,95.4170,84.6710,R
301,0.6283,0.4902,0.8660,0.7600,0.9830,0.6240,0.1740,0.4980,0.9070,0.6140,0.8170,0.2440,0.1410,0.9660,0.4930,0.8860,0.5640,0.3170,0.7040,0.4650,0.1510,0.7800,0.9960,0.8470,0.6710,87.0000,282.7740,447.9510,369.4050,220.9350,344.4870,114.7790,53.1090,R
302,0.3359,0.5527,0.2970,0.6470,0.2690,0.1850,0.8840,0.0730,0.2070,0.6490,0.8800,0.0820,0.3790,0.0610,0.3060,0.9230,0.3960,0.8090,0.8980,0.6710,0.6240,0.0990,0.0970,0.2790,0.8660,96.0000,449.7940,282.1520,455.3170,499.0970,284.4310,90.6600,69.9770,NR
303,0.7901,0.6496,0.0670,0.5590,0.4800,0.3790,0.1390,0.7790,0.0380,0.5410,0.1820,0.5630,0.5250,0.0460,0.2150,0.6200,0.7670,0.8440,0.5090,0.8000,1.0000,0.9030,0.9620,0.9450,0.4960,55.0000,371.7290,256.0910,302.2850,490.4860,342.2170,113.8120,95.3870,NR
304,0.6124,0.4137,0.5570,0.2840,0.8210,0.3160,0.7170,0.5170,0.0030,0.6840,0.6030,0.0730,0.5140,0.4810,0.2960,0.2760,0.7200,0.5420,0.8070,0.3410,0.6930,0.3470,0.7380,0.0550,0.8400,66.0000,253.1620,422.2760,424.6040,417.8840,418.3350,118.3800,114.4050,NR
305,0.5193,0.3803,0.0740,0.1990,0.9300,0.3180,0.2890,0.8640,0.2960,0.2120,0.1600,0.2940,0.2110,0.4410,0.1500,0.2390,0.7980,0.0600,0.9080,0.7100,0.5810,0.6210,0.5280,0.9370,0.1160,58.0000,459.9430,487.8090,312.5320,309.3140,452.4880,113.1130,126.1500,R
306,0.2629,0.5414,0.1930,0.7920,0.5710,0.7840,0.7080,0.5290,0.6000,0.1820,0.9600,0.5890,0.9540,0.0140,0.0760,0.2230,0.8530,0.6990,0.5060,0.2120,0.5100,0.0870,0.6040,0.2400,0.7500,83.0000,230.9290,203.5490,242.3270,365.5840,235.3160,127.1120,114.3310,NR
307,0.5335,0.6621,0.4300,0.0960,0.1240,0.7890,0.7200,0.5460,0.6070,0.6260,0.5090,0.4700,0.3320,0.5290,0.8490,0.9570,0.4640,0.4970,0.7070,0.4670,0.6400,0.2310,0.2800,0.2540,0.4270,57.0000,484.5450,435.4100,481.7770,322.9900,449.5110,105.2470,71.6470,NR
308,0.5161,0.3438,0.7820,0.3410,0.2540,0.6630,0.5410,0.1310,0.9250,0.2710,0.8020,0.4780,0.6410,0.3560,0.9420,0.3270,0.7770,0.0980,0.8560,0.8890,0.5450,0.9730,0.3560,0.2230,0.5630,87.0000,405.3060,463.0550,368.1400,332.8140,204.0630,102.5440,120.5120,NR
309,0.6153,0.2999,0.2940,0.8960,0.8430,0.7940,0.9280,0.1080,0.2190,0.0430,0.0040,0.6410,0.4090,0.5660,0.8690,0.2870,0.2450,0.8210,0.0250,0.9260,0.3470,0.0330,0.2170,0.0810,0.8450,61.0000,275.9080,234.4020,265.2020,395.7120,307.2700,101.0070,101.8810,R
310,0.7812,0.7723,0.6220,0.6850,0.4260,0.5680,0.5710,0.4340,0.8360,0.2290,0.2140,0.9010,0.7970,0.0670,0.3620,0.1560,0.0330,0.4520,0.3000,0.7310,0.2000,0.6040,0.8000,0.6870,0.8680,98.0000,444.4730,249.4910,300.6030,294.8520,420.1140,108.4650,126.7490,NR
311,0.8759,0.3225,0.2810,0.1680,0.9050,0.6160,0.3740,0.6970,0.5550,0.5210,0.2550,0.6260,0.6520,0.0690,0.0560,0.7210,0.8700,0.7860,0.6840,0.4320,0.5710,0.0210,0.1440,0.0950,0.8490,94.0000,210.5200,474.4180,352.5100,418.4130,253.3630,74.1000,127.1090,R
312,0.8757,0.2991,0.7900,0.0990,0.7210,0.7950,0.2380,0.5640,0.8040,0.9480,0.4130,0.1520,0.7280,0.6140,0.4930,0.3910,0.0280,0.9200,0.3820,0.0450,0.1030,0.5900,0.0360,0.7640,0.7430,87.0000,247.4090,355.3710,394.9670,452.7630,369.8030,102.5590,101.0470,R
313,0.4538,0.5510,0.9160,0.7260,0.2940,0.9810,0.4140,0.0230,0.0010,0.5500,0.7470,0.6590,0.3710,0.1000,0.6000,0.5030,0.1090,0.1540,0.6910,0.1070,0.0270,0.5660,0.4680,0.8960,0.5660,95.0000,203.3230,343.1630,419.7070,468.3480,384.6900,112.3070,103.8070,R
314,0.3710,0.4929,0.5960,0.6980,0.6810,0.5970,0.7050,0.6470,0.8690,0.6540,0.9830,0.6440,0.7570,0.0580,0.7980,0.7680,0.4350,0.1590,0.1240,0.2870,0.7190,0.4940,0.5370,0.8980,0.7890,85.0000,452.6540,478.4980,224.6600,221.0440,317.7090,108.3050,115.4960,R
315,0.5354,0.2580,0.2610,0.7540,0.8470,0.1230,0.5100,0.3620,0.1930,0.1800,0.4690,0.5840,0.7230,0.8320,0.2730,0.5110,0.6090,0.9270,0.8390,0.8670,0.5810,0.3890,0.2310,0.4230,0.9980,96.0000,364.4170,363.4750,341.1460,423.5970,334.5590,120.5790,115.5840,R
316,0.6991,0.2012,0.1320,0.3360,0.1830,0.1720,0.0910,0.3860,0.1550,0.9200,0.0210,0.0290,0.2600,0.8710,0.8570,0.2660,0.0540,0.7420,0.2650,0.9140,0.4030,0.4780,0.1830,0.8090,0.9150,74.0000,408.6240,463.4980,209.7420,381.5850,464.5940,52.7480,55.9180,R
317,0.8460,0.2950,0.0700,0.0510,0.2200,0.0810,0.6840,0.7750,0.1770,0.4340,0.8400,0.9980,0.5320,0.5620,0.5850,0.4090,0.7270,0.8910,0.3020,0.8280,0.8810,0.4790,0.9130,0.8280,0.3150,69.0000,466.6570,277.3740,304.7530,217.1180,253.2020,107.4450,119.6990,R
318,0.4909,0.5974,0.6680,0.4710,0.0600,0.4150,0.4160,0.4480,0.0240,0.2740,0.9500,0.8830,0.9410,0.7590,0.4340,0.9380,0.3010,0.5930,0.5870,0.4410,0.2500,0.3300,0.6430,0.2840,0.3460,74.0000,236.6500,444.6760,367.7920,212.7070,312.4410,78.2760,98.8830,R
319,0.5310,0.5987,0.5500,0.8550,0.9110,0.3780,0.0050,0.0710,0.8080,0.9530,0.4260,0.3960,0.3790,0.7630,0.7220,0.0510,0.8060,0.7190,0.7500,0.3170,0.4890,0.1810,0.9950,0.7540,0.3300,63.0000,379.1110,231.5580,249.4560,360.1100,329.0700,107.3140,108.3360,NR
320,0.7007,0.4849,0.6090,0.2610,0.4340,0.9790,0.6030,0.8580,0.5330,0.3990,0.8780,0.6030,0.9080,0.3750,0.8710,0.2230,0.3110,0.8270,0.5580,0.0490,0.6780,0.8640,0.9190,0.6160,0.1530,70.0000,374.9110,293.7600,458.8030,330.4010,262.1740,87.7430,117.8360,R
321,0.7522,0.3705,0.4910,0.4860,0.1930,0.2320,0.2680,0.1450,0.7600,0.7950,0.6930,0.3790,0.0440,0.9720,0.7780,0.0480,0.3500,0.0060,0.9210,0.9170,0.9390,0.7500,0.0150,0.2990,0.0310,66.0000,224.7940,280.3550,499.3030,271.8990,429.7240,81.9180,92.5280,NR
322,0.4564,0.5990,0.4150,0.3040,0.6720,0.1740,0.1540,0.9640,0.2100,0.8110,0.0830,0.5940,0.1050,0.3600,0.3340,0.6130,0.0040,0.2770,0.7610,0.7590,0.7900,0.5770,0.7540,0.4350,0.3150,53.0000,409.2060,283.4770,229.3400,248.5060,215.5580,61.3350,111.0780,R
323,0.6987,0.3201,0.4380,0.7960,0.1420,0.8400,0.1180,0.7960,0.1750,0.2210,0.2600,0.6400,0.8090,0.5250,0.3870,0.4110,0.2110,0.7470,0.7610,0.2040,0.9570,0.8540,0.1050,0.6820,0.2290,79.0000,373.0840,383.9780,403.7830,464.8720,479.2630,102.0850,119.6140,R
324,0.6689,0.4023,0.7370,0.3630,0.2780,0.6030,0.4750,0.9880,0.2960,0.9210,0.2350,0.8010,0.8650,0.1890,0.4440,0.7110,0.4120,0.1070,0.7680,0.4870,0.1840,0.0510,0.5210,0.2920,0.8130,81.0000,283.3470,465.4290,449.2920,353.6710,495.2530,99.6230,108.9480,R
325,0.6895,0.4344,0.7540,0.3810,0.3790,0.2510,0.8520,0.4660,0.8850,0.5140,0.8900,0.6670,0.0700,0.2770,0.0790,0.7690,0.1970,0.1620,0.4320,0.4220,0.2940,0.1910,0.6100,0.4240,0.5930,77.0000,200.5640,249.4490,306.8660,471.7800,245.0000,70.5070,95.3020,NR
326,0.6015,0.5859,0.2040,0.9250,0.2940,0.6380,0.7650,0.1030,0.1840,0.4270,0.3590,0.3160,0.2700,0.3610,0.9820,0.4580,0.4580,0.2510,0.1900,0.2570,0.8860,0.8860,0.1710,0.3970,0.5800,79.0000,403.7750,378.7040,259.6220,254.6610,223.2970,134.1320,116.3310,R
327,0.2435,0.3126,0.5410,0.3500,0.3890,0.9220,0.6580,0.4650,0.3590,0.9950,0.9360,0.9240,0.9260,0.3570,0.8340,0.6880,0.9130,0.7360,0.8330,0.8000,0.5790,0.6970,0.0760,0.3850,0.8050,86.0000,419.6040,251.4250,317.6410,325.2610,286.3800,80.9250,127.5100,R
328,0.8565,0.4708,0.0260,0.7140,0.2690,0.1490,0.1670,0.5460,0.1050,0.2940,0.0100,0.0350,0.2170,0.6800,0.5590,0.5720,0.3450,0.3510,0.6950,0.0940,0.9280,0.1500,0.8170,0.7830,0.4380,78.0000,316.2810,393.6680,394.0560,340.9000,357.8130,108.4210,98.2580,R
329,0.4156,0.5768,0.4250,0.0360,0.8240,0.7660,0.1700,0.8090,0.2330,0.1320,0.1290,0.0230,0.7530,0.0940,0.9210,0.9880,0.0560,0.4480,0.0960,0.2460,0.6320,0.9090,0.2540,0.2330,0.1400,78.0000,335.5730,277.7130,371.3010,228.9350,358.6880,88.7560,81.4800,R
330,0.3122,0.6831,0.7820,0.7660,0.4950,0.6500,0.0330,0.1820,0.2630,0.5900,0.7900,0.3450,0.1630,0.8940,0.5280,0.7440,0.8350,0.6140,0.4400,0.0520,0.2690,0.6470,0.0510,0.9710,0.2310,77.0000,321.0220,349.5730,235.6550,469.6640,472.6050,97.0950,120.4430,NR
331,0.2334,0.7093,0.6260,0.6820,0.5760,0.3560,0.8910,0.9360,0.8420,0.2360,0.9310,0.7380,0.3800,0.4840,0.4790,0.5660,0.4180,0.4920,0.3460,0.4720,0.8100,0.0140,0.9990,0.5010,0.3300,54.0000,345.8370,298.8140,467.6730,412.3650,410.0490,116.5880,94.5710,NR
332,0.6255,0.2021,0.0320,0.8180,0.0270,0.2250,0.4390,0.4400,0.0450,0.8100,0.7900,0.4910,0.7330,0.0210,0.8360,0.6010,0.8680,0.6200,0.1360,0.8820,0.7000,0.9210,0.9440,0.6240,0.9510,72.0000,222.3220,345.6900,272.7630,440.4240,289.6390,83.0250,78.3230,R
333,0.5598,0.3924,0.4340,0.2400,0.3020,0.4030,0.2740,0.6920,0.9520,0.9380,0.1780,0.3230,0.2580,0.2180,0.8220,0.0620,0.2150,0.0480,0.2800,0.0050,0.6310,0.8410,0.4520,0.0960,0.8090,58.0000,371.6070,348.1410,278.2960,471.3690,350.1560,82.5690,80.0980,NR
334,0.7433,0.4463,0.9310,0.8760,0.8310,0.9660,0.2260,0.0880,0.2310,0.7510,0.3830,0.9110,0.0520,0.5290,0.7940,0.0990,0.5290,0.5750,0.6640,0.9480,0.7640,0.3230,0.3340,0.2310,0.2950,76.0000,378.5910,474.4420,214.3950,241.5290,352.4860,114.8720,111.6260,NR
335,0.3363,0.6398,0.7620,0.7040,0.6940,0.7680,0.3940,0.6510,0.6000,0.1220,0.8840,0.0360,0.7190,0.7910,0.9860,0.0190,0.6520,0.1010,0.3840,0.8940,0.8880,0.7730,0.6900,0.4810,0.0580,88.0000,401.1730,351.8900,279.4980,331.5500,317.2000,133.1500,101.1380,NR
336,0.4473,0.3883,0.0870,0.4660,0.2780,0.4490,0.9770,0.5720,0.3610,0.8060,0.8750,0.2200,0.7960,0.9150,0.8400,0.6170,0.8710,0.3510,0.0440,0.6170,0.5430,0.0070,0.3440,0.4390,0.4870,69.0000,255.6610,247.1900,328.7670,362.2870,376.1690,72.1790,96.7840,NR
337,0.4439,0.4149,0.0730,0.1230,0.9790,0.7180,0.1490,0.3670,0.4270,0.8630,0.7270,0.4580,0.9890,0.4480,0.7760,0.6360,0.1020,0.6130,0.8460,0.6710,0.6150,0.4340,0.0770,0.9140,0.3230,70.0000,239.2750,361.9210,371.0060,474.9020,297.9880,97.2270,124.1870,R
338,0.6767,0.3340,0.8950,0.8470,0.6270,0.9390,0.1540,0.3590,0.2180,0.9120,0.1240,0.4410,0.0740,0.9250,0.5940,0.1990,0.8880,0.8140,0.6650,0.6160,0.5540,0.6510,0.0820,0.3730,0.2530,80.0000,471.0960,340.8330,268.4830,286.2930,256.0530,132.3510,106.3270,R
339,0.6813,0.3559,0.1280,0.8910,0.7660,0.1300,0.1290,0.4590,0.4730,0.9230,0.3100,0.6200,0.4970,0.4080,0.0310,0.3640,0.0440,0.2670,0.6990,0.9060,0.4170,0.3990,0.9370,0.2040,0.9370,85.0000,412.1720,294.8900,244.9520,400.4480,350.5710,125.0810,74.6700,NR
340,0.4803,0.3495,0.2290,0.9060,0.3910,0.7470,0.7210,0.6640,0.7650,0.8990,0.8580,0.9430,0.7290,0.8760,0.9810,0.3480,0.4780,0.4960,0.2080,0.4150,0.3980,0.8420,0.8660,0.6520,0.3280,96.0000,319.4080,346.8600,349.9490,420.2670,438.9820,72.5680,128.5270,R
341,0.6399,0.3663,0.4270,0.1550,0.8430,0.3900,0.4150,0.9750,0.9840,0.3310,0.8370,0.7930,0.3240,0.5740,0.9390,0.4130,0.4340,0.4760,0.9000,0.1210,0.1490,0.5850,0.9950,0.6940,0.4720,65.0000,246.0100,238.7500,416.2110,416.8800,329.1280,87.1580,77.0670,R
342,0.6672,0.6104,0.2820,0.3590,0.6380,0.3640,0.2330,0.4400,0.9320,0.1550,0.3830,0.4670,0.4150,0.4200,0.8390,0.6070,0.7730,0.0260,0.7570,0.9670,0.7450,0.3390,0.7030,0.3570,0.7220,57.0000,441.6560,428.5000,268.6010,306.8550,484.0850,122.7440,86.8490,NR
343,0.8856,0.2195,0.5170,0.6740,0.4810,0.9540,0.7870,0.1880,0.4890,0.1080,0.3650,0.6700,0.6210,0.8790,0.0670,0.5900,0.7160,0.2810,0.0460,0.0860,0.3560,0.6340,0.2180,0.4240,0.2060,85.0000,369.1340,451.6520,233.1050,218.4380,403.7700,137.3920,91.8870,R
344,0.5595,0.3181,0.6830,0.4360,0.8820,0.6680,0.4760,0.6880,0.8490,0.8860,0.2020,0.7010,0.4890,0.0920,0.6630,0.8320,0.1960,0.3120,0.2180,0.4370,0.4560,0.4930,0.6240,0.0050,0.2630,72.0000,412.7860,209.3080,223.5820,262.8470,422.4090,144.4710,71.2540,R
345,0.2558,0.5522,0.7050,0.0380,0.7100,0.8660,0.4940,0.6420,0.2860,0.6160,0.3580,0.2070,0.3210,0.4100,0.3640,0.1230,0.6260,0.2890,0.8890,0.3320,0.1580,0.0550,0.0830,0.3310,0.2640,64.0000,284.5310,390.5100,222.0290,292.2450,412.8770,64.1940,125.3680,NR
346,0.5455,0.7123,0.1560,0.1920,0.7070,0.3190,0.8420,0.3400,0.8640,0.8710,0.2190,0.4130,0.6450,0.6690,0.0220,0.8850,0.8540,0.3420,0.5630,0.3370,0.7890,0.1170,0.7450,0.0770,0.0820,96.0000,329.0650,488.0950,309.1710,315.1100,243.5960,80.7450,115.9890,NR
347,0.5266,0.6387,0.0840,0.4830,0.9090,0.8090,0.8170,0.9770,0.5250,0.9060,0.2540,0.3580,0.8850,0.5460,0.1730,0.5540,0.1720,0.3570,0.8770,0.3180,0.1240,0.8240,0.2280,0.1660,0.3070,76.0000,203.2950,416.7830,496.6820,473.7980,478.9580,78.1990,103.9230,NR
348,0.4202,0.5938,0.9880,0.0790,0.8880,0.8860,0.4600,0.4590,0.0180,0.5920,0.6320,0.4660,0.9360,0.0510,0.8520,0.5530,0.4280,0.9860,0.2440,0.4180,0.9860,0.2860,0.0350,0.4790,0.2180,70.0000,403.5500,446.3330,489.8980,244.4670,331.8550,104.1880,85.4320,NR
349,0.2671,0.3923,0.7150,0.3940,0.3890,0.8140,0.8090,0.0630,0.6130,0.2280,0.3200,0.2590,0.6110,0.5750,0.0290,0.1860,0.4660,0.6360,0.0740,0.5140,0.2540,0.2420,0.9140,0.9680,0.5900,86.0000,464.2930,232.8280,450.4520,331.0180,474.5570,106.8580,128.4710,NR
350,0.2634,0.4343,0.0600,0.4940,0.0080,0.5210,0.5070,0.6510,0.7660,0.5740,0.0610,0.4990,0.1210,0.2300,0.0250,0.6950,0.3090,0.5520,0.6110,0.4780,0.5530,0.3010,0.9690,0.4590,0.9030,77.0000,290.6240,273.7530,267.6440,346.8240,429.2280,110.3120,115.3950,R
